osm_id;nombre;operador;voltaje;latitud;longitud
1511366405;;;;39,4713881;-0,3943354
1770120375;;;;39,3289366;-0,600733
1918472139;;;;38,1253764;-0,6503589
1918472141;;;;38,1264589;-0,6493397
1918472142;;;;38,1261403;-0,6498386
1918472143;;;;38,1259124;-0,6499298
1948816994;;;;38,0962684;-1,1634077
5619318505;;;;37,8456544;-0,7955629
5619327705;;;;37,8470277;-0,8046497
5896826328;;;;39,4301278;-0,4717587
8922954391;Subestación Eléctrica Sierra De Ascoy;Elecdey;;38,269373;-1,3879413
8926541262;Subestación Folch;Acciona Energía;;40,4681883;-0,2107036
8926752330;Subestación Embalague;Acciona Energía;;40,5342609;-0,28175
8926800825;Torre de Miró;Acciona Energía;;40,6725307;-0,0887125
11688513923;;;;40,1197536;-0,7690117
11710795824;ST Alameda;;"220000;132000;20000";39,4562962;-0,3475148
12601503679;Parque Eólico de Peñas de Dios;;;39,8297474;-0,8689271
12906282390;;;;40,0491563;0,0471968
13398530816;;;;38,2304116;-1,5618614
13398530817;;;;38,2343853;-1,5593864
13426532015;SET PE Santos de Piedra;;"30000;132000";40,5497394;-1,512839
25737185;SET San Juan d'Alacant;;"132000;20000";38,3900152;-0,4601994
28648202;SET San Vicente;Red Eléctrica de España;"220000;132000;66000";38,3968757;-0,5379966
33771314;Subestacion electrica La Eliana;"Red Eléctrica de España;Iberdrola";"400000;220000;132000;20000";39,5545838;-0,5106262
34585227;Subestación de la Plana;Red Eléctrica de España;"400000;220000;132000";39,9667916;-0,0965304
39827901;El Ingenio;Iberdrola;220000;39,9783768;-0,0150797
41401161;;Iberdrola;;40,121581;0,1515404
45420851;;;;38,7788504;-0,1037756
49778136;SET Vall d'Uixó;Iberdrola;"66000;20000";39,8118931;-0,224987
51824074;Subestación El Campo;;220000;39,989334;-0,6803568
55275595;Torre de Miró;Acciona Energía;132000;40,672539;-0,0887066
58226629;Subestación de Quart;Iberdrola;"132000;20000";39,4714296;-0,4332409
60351390;Subestació elèctrica de Torrent;"Red Eléctrica de España;Iberdrola";"400000;220000;132000;66000;20000";39,4235462;-0,454668
60351393;Subestació de Picanya;Iberdrola;"132000;20000";39,4456074;-0,4496683
71810109;ST Benicassim;Iberdrola;;40,0609037;0,07201
77594046;ST Sagunt (Sagunto);;220000;39,6722468;-0,2677366
77594207;SET Museros;Iberdrola;"132000;20000";39,5716878;-0,3577697
77625314;Subestación Eléctrica Carrús;Iberdrola;"132000;20000";38,2817551;-0,7160837
77640470;SET Gaussa;Red Eléctrica de España;400000;39,6598485;-0,3169951
77652277;SET SIDMED;;"220000;66000";39,6512921;-0,239152
77654729;;;400000;39,6422445;-0,2366467
84893501;;;;39,8524891;-0,7149454
93602097;SET Beniferri;"Red Eléctrica de España;Iberdrola";"220000;132000;20000";39,4942887;-0,408736
93775331;SET Calp;;"132000;20000";38,6399997;0,0186262
95510827;;Adif;"66000;3000";38,9084002;-0,6930111
98626319;SET Refoyas;Acciona Energy;"132000;30000";40,6561744;-0,3074465
98626365;SET Muela de Todolella;Acciona Energy;132000;40,6882478;-0,2479347
98626366;SET Manzanera;Acciona Energy;;40,6329559;-0,3547506
99867908;;Iberdrola;66000;39,3500123;-0,3232079
107672070;Subestación El Palmar;Iberdrola Distribución Eléctrica;"220000;132000;66000;20000;11000";37,9354243;-1,1851589
107849996;Subestación PE Folch;Acciona Energía;132000;40,4681963;-0,2107236
108209183;Subestación Embalague;Acciona Energía;;40,5342987;-0,2817547
112327293;;;;37,9749206;-1,1358522
112327346;;;;37,9723744;-1,1372799
113716457;;;;37,9678725;-1,1333722
113716505;;;;37,9721971;-1,1294992
116390066;SET Cella;Endesa;"132000;45000;20000";40,4565961;-1,2405001
126881765;Subestación de Morella;Iberdrola;"400000;132000";40,6109786;-0,1953969
126987023;Subestación de Catadau;Red Eléctrica de España;"400000;220000;132000";39,2502393;-0,5608484
127249103;ST Villamarchante;Iberdrola;"132000;66000;20000";39,5551893;-0,5935501
127528728;SET Vall d'Uixo Futura;Iberdrola;"220000;20000";39,7935202;-0,2215715
127528763;C. Olivar;Iberdrola;"66000;20000";39,5456013;-0,423081
127528764;Vinalesa;Iberdrola;132000;39,5339877;-0,3672595
127528769;Subestación de Segorbe;Red Eléctrica de España;"220000;66000;20000";39,8274375;-0,4565096
127528771;SET Puzol;Iberdrola;66000;39,6233456;-0,3204961
127567170;;Iberdrola;"132000;20000";39,9190062;-0,1066555
127605081;Subestación Benadresa;Iberdrola;220000;40,003125;-0,0863329
127637375;ST Corral del Corb;Iberdrola;"132000;66000;20000";40,0133178;-0,1883472
127637385;;Iberdrola;;40,166637;-0,0054582
127637386;ST San Joan de Moró;Red Eléctrica de España;"132000;20000";40,0580211;-0,1275928
127922062;;Iberdrola;"400000;220000";39,6491683;-0,2474129
129441519;Subestación El Palmar;Red Eléctrica de España;400000;37,9407454;-1,1880082
131323213;;Subestación HVDC de Morvedre;;39,6406903;-0,2377207
133524568;SET Benicarló;Iberdrola;"132000;66000;20000";40,4319402;0,4034696
135012943;STR Torreblanca;Iberdrola;"66000;20000";40,2052683;0,1789746
136103225;SET Atzanta del Maestrat;Iberdrola;"66000;20000";40,2182371;-0,1743133
136215271;SET L'Alcora;Iberdrola;"66000;20000";40,0720093;-0,2081495
137705728;SET Benassal;Iberdrola;"66000;20000";40,377307;-0,1374486
139517539;SET El Colmenar;;"66000;20000";39,9978339;-0,2306602
139517552;SET Onda;Iberdrola;"66000;20000";39,9754712;-0,2308766
143860933;SET Villafranca del Cid;Iberdrola;66000;40,4331976;-0,2497095
144033970;;Red Eléctrica de España;;39,9584728;-0,0024024
144777809;SET Betxí;Iberdrola;"220000;20000";39,9281747;-0,1779694
144922719;Subestación San Pedro del Pinatar;Iberdrola Distribución Eléctrica;"220000;66000;20000;11000";37,85926;-0,8149641
144926472;Subestación San Miguel de Salinas;Iberdrola Distribución Eléctrica;220000;38,0002618;-0,7656612
144926486;Subestación de Campoamor;;220000;37,9071742;-0,7835717
144931782;Subestación de Ayora;Red Eléctrica de España;400000;39,0413662;-1,0074237
144933376;Subestación de Requena;Red Eléctrica de España;400000;39,4592224;-0,9882242
144940509;Requena;Adif;"400000;25000";39,465958;-0,9705731
145171008;Subestación de Minglanilla;Red Eléctrica de España;400000;39,5247962;-1,5651725
145643953;;;;39,202124;-0,3180946
145821099;SET Escucha;Red Eléctrica de España;220000;40,7962677;-0,8159285
145823171;Subestación PE Escucha;;220000;40,770473;-0,8271518
145823172;Subestación de Mezquita;Red Eléctrica de España;"400000;220000";40,7241653;-0,8493918
146060514;Subestación Sierra Costera;Enel;;40,7131198;-0,902351
147958115;SET Central de Vallat;;"132000;20000";40,0292623;-0,3306567
148316752;SET Bonete;;66000;38,8850702;-1,3502482
148961316;Subestación Corvera;Iberdrola Distribución Eléctrica;"132000;20000";37,8427074;-1,1446726
148971843;SE PE Abuela Santa Ana;;"132000;30000";39,0671387;-1,4903641
150661577;;;;40,2134195;0,062484
150937454;;;;38,9674755;-1,5678696
151369191;Subestación de La Punta;Iberdrola;"132000;20000";39,4392058;-0,3417215
156038856;Subestación Parque de Levante;Iberdrola Distribución Eléctrica;"132000;200000";37,9846225;-1,1068133
156435509;Converter HVDC de Morvedre;;"400000;250000";39,6410992;-0,2354165
158174233;Solar Bonete;;132000;38,8839536;-1,3325639
161847863;STR Villavaliente;;"66000;20000";39,1355619;-1,4536526
161952698;;;;40,3516645;-1,1094016
162557700;El Bosque;;66000;39,2046926;-1,342417
162601272;Subestación de Higueruela;Iberdrola;132000;38,9812072;-1,4445607
163702953;Almansa;Iberdrola;"132000;66000;20000";38,8523869;-1,0870255
165383854;;;132000;39,0783599;-1,3176178
165385943;SET Parque Eólico Muela de Tortosilla;;132000;39,0286932;-1,2377166
165385945;El Relumbar;;132000;39,0220975;-1,3407343
165516495;Subestación de Casas-Ibáñez;;"132000;66000";39,2738676;-1,4712569
165517087;Subestación de Cofrentes;;132000;39,2479571;-1,0942421
167457211;;;;38,1356983;-0,6772263
167624242;SET Caudete;;66000;38,7117614;-0,9602848
167677016;SET Oliva;;66000;38,756358;-1,0117246
167874037;SET La Encina;Adif;66000;38,7628622;-0,9516324
167884407;;;66000;38,7579737;-0,9731405
168562405;Parque Eólico Malefatoón;;132000;39,026465;-1,3968421
168610672;;;;39,5010087;-0,3794859
168985251;;;;38,7593846;-1,5757779
168987553;SET La Muela;;132000;38,7659393;-1,5128474
169616880;Subestación de Elda;;"220000;66000;20000";38,5000795;-0,7909704
171251565;Subestación de Rocamora;Iberdrola Distribución Eléctrica;"400000;132000;66000";38,1477983;-0,9462063
171256169;ST Beneixama;Red Eléctrica de España;"400000;220000;132000";38,7190069;-0,7225554
171260466;;;;38,9773616;-0,9679068
171274139;SET Saladas;Red Eléctrica de España;"220000;132000";38,2993021;-0,6201756
171277174;SET Elche HC;Red Eléctrica de España;220000;38,2645478;-0,6361633
171277691;Subestación de Rojales;Red Eléctrica de España;220000;38,0562571;-0,7368168
171419971;Subestación de Xixona;Red Eléctrica de España;220000;38,491748;-0,4773264
171419975;SET Cantalar;;"220000;20000";38,4245077;-0,4204924
171433651;SET Valle de Cárcer;Red Eléctrica de España;"220000;20000";39,0613504;-0,5212459
171442816;Subestación de l'Albal;Iberdrola;220000;39,3976864;-0,4452353
171537720;SET El Pameral;;"220000;20000";38,3287145;-0,5192996
171544192;;;;39,4213685;-0,4511905
171544194;Central Electrica del Salto de Millares;;220000;39,2240715;-0,7184762
171549323;;;"220000;66000";38,4389793;-0,7821322
171556372;;Red Eléctrica de España;220000;39,1330082;-0,4143971
171642115;Matrona;Iberdrola;;39,2807188;-0,8645649
171642119;Buñol;Iberdrola;"132000;66000;20000";39,4209047;-0,7771386
175612093;SET PE Los Pedreros;;132000;38,7142302;-1,3936356
176481627;;;;38,1273039;-0,6961738
179718877;;;;39,4700157;-0,6063696
180159004;STR Requena;i-DE;"66000;20000";39,4850889;-1,1431859
180255962;Subestacion electrica Collado;Iberdrola;"132000;20000";39,262532;-0,9300001
180292144;;;;39,4477338;-1,2088619
181588881;;;;39,4941956;-0,4732276
185549143;SET Cabanyal;;"132000;20000";39,4833256;-0,3380786
186942438;Subestació del Grau;Iberdrola;"220000;132000;66000;20000";39,4563833;-0,3328735
188488579;;;;38,1297935;-0,6785829
188488813;;;;38,1317924;-0,6766074
189045154;;;;38,1268717;-0,6860971
193793262;Subestación Espinardo;Iberdrola Distribución Eléctrica;"220000;132000;66000;20000;11000";38,0166565;-1,1577902
198642824;ST La Rambleta;Iberdrola;"132000;66000;20000";39,8386194;-0,1842999
198642826;STR Moncofa;Iberdrola;"66000;20000";39,8150273;-0,1629106
204708308;SET PE Boqueron;;;39,1715483;-1,236959
205774224;;Iberdrola;;39,2142218;-1,0545341
205939525;;Adif;66000;39,6621877;-0,2527038
205939527;SET Sagunt Grau;;66000;39,6531447;-0,2238437
206495188;;;;38,8895229;-0,0829457
210116384;;;;38,3990773;-0,4295185
210394732;SET Alcalá de Xivert;;"132000;20000";40,3056048;0,2296576
213582467;;;;39,4707584;-0,610242
213867814;;;;39,4700874;-0,6108145
216269642;SET Massanassa;;"132000;20000";39,4031624;-0,3761073
216853020;Subestación de Silla;Iberdrola;"132000;66000;20000";39,3592864;-0,4037669
217878248;Subestació de Tortosa;Endesa;"110000;25000";40,7989025;0,5255659
223535821;SET PE Sirra de Mira;;132000;39,7284377;-1,3819356
223761171;;;132000;38,7324681;-1,1827995
223761172;Subestación PE Reventones;;132000;38,6811579;-1,4047598
223762049;Subestación Sierra del Buey;;"132000;20000";38,5291962;-1,2498469
225592052;Las Viñas;Iberdrola;"66000;20000";39,2576776;-0,9457312
227206832;Tuejár;Iberdrola;66000;39,7760896;-1,0568867
228983583;Losa de Obispo;Iberdrola;"66000;20000";39,6933419;-0,8672361
228983585;Chulilla;Iberdrola;66000;39,6357713;-0,8772845
229060976;Gestalgar;Iberdrola;66000;39,6046458;-0,7952443
229184275;;;"400000;132000";38,5232003;-1,3328118
231695159;Subestación Elda - Renfe;;66000;38,4839635;-0,8013931
234787100;CT2;;;38,7493629;-0,5521514
239456495;;;;37,9703702;-1,2247297
245007624;;;;38,8306836;0,0655944
251218310;;;;39,940382;-1,0637758
253240032;Subestación La Yesa;;132000;39,9229676;-0,9410349
255762160;Tranco de Lobo;;66000;39,2052159;-1,3077815
256017783;SET Vergel;Iberdrola;"132000;66000;20000";38,8504374;0,003847
258916144;Subestación PE Valdeconejos;;"220000;30000";40,7929455;-0,8819157
261594435;Subestación de Valldigna;"Red Eléctrica de España;Iberdrola";"220000;20000";39,0609302;-0,279152
262078033;SET Monreal;Endesa;"45000;20000";40,7793657;-1,3435608
263943736;SET Castello de Rugat;;"66000;20000";38,8680739;-0,391457
265408693;Cortes II;Iberdrola;400000;39,2627061;-0,9190459
267063580;;;;38,3462931;-0,7683775
272047820;;Iberdrola;132000;38,9974711;-0,5796466
272395304;SET Jávea;Iberdrola;"132000;20000";38,7783661;0,1303361
274822934;;;;38,4761882;-0,7818057
276368354;;;;38,4783866;-0,7712245
277119989;;;;38,4818469;-0,7684122
278355891;;;;38,4692797;-0,7747395
280015243;;;;38,4661731;-0,7745534
280015244;;;;38,472876;-0,7702233
280015245;;;;38,4707231;-0,7722335
280015246;;;;38,4695135;-0,7666415
280159280;Subestación Yecla;Iberdrola;"132000;20000";38,6167142;-1,0847909
290064982;ST Nou Moles;"REE;Iberdrola";"220000;20000";39,4714225;-0,3943206
294535871;ST Los Cantos;;"66000;20000";40,1184926;-0,6088768
296949529;;;;38,1911879;-0,5878403
297520664;Contreras;Iberdrola;132000;39,5406003;-1,503337
299287342;Subestación de Gandia;i-DE;"220000;132000";38,9824395;-0,1852581
299349355;;;;40,7247323;0,7005975
299423283;;;;40,7231576;0,7289127
299424105;;;;40,7214286;0,7320529
302990756;;;;38,8155801;0,0209902
303029331;;;;38,9577237;-0,9016627
303332167;SET Barxell;Iberdrola;"132000;20000";38,6820061;-0,4937824
303721390;;;;38,794894;-0,0079626
306242306;;;;39,840505;-0,4751909
308038879;SET Benidorm;Iberdrola;"132000;66000;20000";38,5331728;-0,169595
310668392;;Iberdrola;;39,5852642;-0,5413089
311039029;;;;38,8406898;-0,5206146
311171004;;;;38,8387678;-0,515766
317510027;;;;37,9407642;-1,1700453
318256620;SET Alcanar;e-Distribución Redes Digitales;"110000;25000";40,5619066;0,5148119
318256628;SET Amposta;Endesa;"110000;25000";40,7085185;0,5612147
318256629;SET Cemex;;66000;40,5771292;0,5448979
318256630;;;;40,4775105;0,4685105
319272158;;;;40,558807;0,368457
319272159;;;;40,518277;0,3137099
322259605;;;;38,8343923;0,1102369
324616949;;;;38,529763;-0,7465358
332907972;SET PLATEA;Endesa;"132000;20000";40,3760657;-1,1605736
333368504;;;;38,4923852;-0,7852413
333598072;SET Teruel;Endesa;"132000;45000;20000;10000";40,3541506;-1,1027264
333598088;SET Santa Eulalia;Endesa;"132000;20000";40,5549724;-1,3328574
333598089;SET Venta del Aire;Endesa;"132000;20000";40,1285675;-0,7335563
333598094;SET Aliaga;Endesa;"132000;45000;20000";40,6856378;-0,6786039
334039158;;;;40,3983657;-1,498013
343867768;Alcudia;Iberdrola;"132000;66000;20000";38,9669434;-0,6107023
347920962;Subestación Santomera;Iberdrola Distribución Eléctrica;"66000;20000";38,0854111;-1,0568626
353639314;SET Teulada;;"132000;20000";38,7373645;0,0944632
370315035;F. Higuera;Iberdrola;66000;38,8233735;-0,8947512
370332026;SET Rabassa;;"132000;20000";38,3571317;-0,5162237
370409950;;;;38,8452657;-0,519846
371336052;;;;38,6424267;0,0455738
371345874;;;;38,6414642;0,0429384
371538352;;;;38,6397186;0,0410429
373890861;;;;38,6402407;0,0408961
374601524;;;;38,6427351;0,0585381
374668789;;;;38,6421362;0,0619651
375059943;;;;38,6418236;0,0683712
375126078;;;;38,641401;0,0713804
375339032;Subestación Tranformadora Dénia;Iberdrola;"20000;132000";38,8487302;0,0494535
375836232;;;;38,6501281;0,0760357
376071729;;;;38,6507443;0,0749804
376071730;;;;38,6508116;0,0749544
376688584;;;;38,647326;0,0535214
376807007;;;;38,647132;0,0468925
377163289;;;132000;39,9102022;-1,5465245
377169500;San Martín de Boniches;;132000;39,894548;-1,5631346
377520170;;;;38,6410751;0,0380334
377578747;;;;38,6393304;0,039299
377578748;;;;38,6393935;0,0393512
377709127;SET Terra Mitica;;"132000;20000";38,5746238;-0,1493816
377831211;;;;38,6414418;0,0361349
378458563;;;;38,6398276;0,0348711
379908824;Muela Cubillo;;132000;39,9994906;-1,4579873
382826550;;;;38,6459176;0,0628256
383416884;;;;38,6521159;0,0697853
383958836;Subestación Jumilla;Iberdrola Distribución Eléctrica;"132000;20000;11000";38,4634371;-1,329354
384554326;;;;38,6370476;0,0344096
384888518;Subestación PE La Torrecilla;;"220000;30000";40,7920338;-0,9696697
385313026;;;;39,3153563;-0,4952811
386018749;;;;38,6504544;0,0516958
387873743;;;;38,0049423;-0,6734149
394471471;;;;38,8489855;-0,1616918
395100088;SET Ontinyent;;"132000;66000;20000";38,8049165;-0,6125664
397412044;;;;38,7838405;-0,0101674
399678737;;;;37,8967602;-0,8306471
403073865;Subestación Molina de Segura;Iberdrola Distribución Eléctrica;"132000;20000";38,0772283;-1,1988843
403073884;Subestación Cieza;Iberdrola Distribución Eléctrica;"132000;20000";38,2478954;-1,4078313
404792075;;Iberdrola Distribución Eléctrica;"66000;20000";38,4665573;-1,330735
405901610;SET Villarreal (Vila Real);Iberdrola;"66000;20000";39,9435897;-0,1151185
407698342;Liria;Iberdrola;66000;39,6351162;-0,5881662
412425096;;;;38,6488734;0,0620725
416509281;Subestación Olleria;Iberdrola;"132000;20000";38,9025855;-0,5253509
416581223;Moixent;Iberdrola;132000;38,8888853;-0,7527922
418912905;;;"66000;3000";38,9637836;-0,5695403
421990994;La Pia;;66000;39,604973;-0,6785241
423293702;;;;38,6511188;0,067005
423924866;Subestaciò Electrica;;;38,9282217;-0,1090689
425258187;;;;38,6556559;0,0762386
426637432;;;;38,6397108;0,0306562
427336337;;;;38,6436309;0,0320254
427453396;SET Paterna;Iberdrola;"132000;66000;20000";39,516643;-0,4772193
427453434;;;;39,5186326;-0,5060769
427453437;SET Llano de Quart;;"66000;20000";39,472132;-0,5200689
429563882;;;;38,6580523;0,0558273
430286573;;;;38,655232;0,0580214
435935458;;;;40,3588707;0,2936914
438254987;;;;38,0685233;-0,8510733
445244866;;;;38,193117;-0,5833527
445444444;;;;40,1282753;-0,6834988
445989313;Subestación de Novelda;;220000;38,374537;-0,7568758
447333266;Subestación Villena;Iberdrola;"132000;66000;20000";38,6349121;-0,8868615
451559030;;;;40,201149;-1,3542188
451628784;SET La Nucia;;"132000;20000";38,6087552;-0,0832152
458279851;;;;38,6136901;-0,1079838
475664071;Cementos II;Iberdrola;66000;39,4401239;-0,774002
476308876;Utiel;Iberdrola;"132000;66000;20000";39,5606304;-1,2185488
478449588;SET Masalfasar (Massalfassar);;"66000;20000";39,5483017;-0,3078384
481577728;;;;40,0676449;0,1201005
481627718;Campalbo;;132000;39,8896781;-1,2498334
486930561;;;;40,2518025;-0,7508965
487169897;;;;40,0169092;-0,2778282
489836466;;;;39,1260735;-0,6409999
496199120;SET Borriana / Burriana;;"66000;20000";39,8899914;-0,0979557
497886912;;;;40,6011824;0,4332508
499665192;SET Montsià;Endesa;"110000;25000";40,6218584;0,3703896
502982128;SET Viveros;;"220000;66000;20000";39,483041;-0,3687563
504146388;Villar de Chinchilla;;;38,9057112;-1,4912859
504178826;Campanario;;400000;38,8829719;-1,2782327
504199959;;;;38,8332575;-0,9852766
505825746;;;;38,6553965;0,0660334
510510951;;;;38,6339868;0,0305568
516613938;;;;38,2863376;-0,5213191
517628909;;;;38,2847302;-0,5216883
529061183;Subestación PE La Loma;;"220000;30000";40,7641416;-0,7607185
530959018;Subestación San Félix;Iberdrola Distribución Eléctrica;"132000;20000";38,0178481;-1,1047196
531841671;;;;37,9899975;-1,5088056
534907215;;;;39,7973736;-0,9060673
535817803;Subestación Mula;Iberdrola Distribución Eléctrica;"66000;20000";38,0273418;-1,4975246
537786179;;;;38,6908558;-0,9165207
546234256;Subestación Blanca;Iberdrola Distribución Eléctrica;"132000;66000;20000;11000";38,189908;-1,3359818
547481869;SET Alcoy;Iberdrola;"132000;66000;20000";38,7066334;-0,4814858
548586310;;Endesa;;40,3623347;-0,7013734
552181500;;;;38,0957849;-0,6611484
552181504;;;;38,0968833;-0,6572556
553301600;;;;37,9735881;-1,0726429
553493776;;Adif;"66000;3000";38,8453586;-0,8394983
562260306;;;;38,503107;-0,2344549
581521534;Subestación Murcia;Iberdrola Distribución Eléctrica;"220000;20000";37,9648116;-1,1351055
583151114;;;;39,1477084;-0,4273794
584796202;;;;39,632764;-0,596934
586686529;;;;37,8280607;-0,8072884
586848948;;;;40,2521247;-0,7518106
609401545;SET Almussafes;Iberdrola;"66000;20000";39,2910198;-0,4178865
619522697;SET Castalla;Iberdrola;"132000;20000";38,603781;-0,674633
624239760;Subestación Condomina;Iberdrola Distribución Eléctrica;"132000;20000";38,0576316;-1,1472934
634368160;SET Camp-redo;;110000;40,7687693;0,5362955
634428543;;;;40,7625999;0,547529
634428606;;;;40,7704568;0,5406343
640960086;;;;40,6191272;-1,2981117
641310817;;;;39,4432324;-0,6719168
659465787;Cimentos I;;66000;39,4295316;-0,7926625
664957972;;;;40,3772623;-1,1713703
665825629;SET Sierra de Las Cabras;Naturgy;132000;38,4846546;-1,4096045
675714143;Subestación Peñarrubia;Iberdrola;400000;38,5217948;-1,3333403
679403524;;;;39,4938411;-0,3772929
682361985;;;;38,0885826;-0,9219616
684774618;;;;38,0866748;-0,9278914
687926112;;;;37,9814771;-0,7957533
700566221;;;;38,224147;-0,7804806
709179897;Subestación Luzentia;Iberdrola Distribución Eléctrica;"132000;20000";38,3687895;-1,2695707
713143707;SET Santa Pola;;"66000;20000";38,2183282;-0,5554812
715198218;;;;38,845432;-0,1103998
729485840;Subestación Torremendo;Iberdrola Distribución Eléctrica;"400000;220000";37,9634464;-0,8968645
732442284;Transformador;;;40,2454829;-0,2869631
753621482;;;;39,6488011;-0,8841972
754916020;;;;40,4812748;-0,32024
754986877;Subestació elèctrica de Patraix;Iberdrola;;39,4554991;-0,3916972
759394170;;;;40,0194951;-0,2796053
761787323;;;;38,0533258;-0,6865967
762339651;;;;39,6520714;-0,2246712
766872601;;;;38,9303803;-0,2608099
772002801;;Red Eléctrica de España;400000;37,9611088;-1,3786635
772005629;;;132000;37,9557515;-1,4105295
772424686;;;;38,9320131;-0,2540566
772425847;;;;38,9340588;-0,2557154
772796717;Subestación Alhama;Iberdrola Distribución Eléctrica;"132000;66000;20000";37,8107058;-1,3888339
773883758;;Confederación Hidrográfica del Segura;132000;38,1604436;-1,3519071
774716133;;;132000;37,875789;-1,3916456
774723052;Subestación Torres de Cotillas;Iberdrola Distribución Eléctrica;"132000;66000;20000";38,0346201;-1,2838702
774742981;Subestación Linasa;;66000;38,0326302;-1,2550457
775096373;Subestación Repsol Pliego;;"66000;20000";37,9551765;-1,4827999
775324816;;;;38,8671786;-1,1193641
775624289;Subestación Archena;Iberdrola Distribución Eléctrica;"132000;20000";38,1156407;-1,2932021
775884313;Adif Almansa;Adif;66000;38,8686854;-1,1081091
776028771;Subestación Almadenes;Iberdrola Distribución Eléctrica;"132000;66000;20000;5000";38,2368328;-1,5581173
777902448;;;;40,1184619;-0,0530324
789683722;SET Quart;Red Eléctrica de España;220000;39,4805254;-0,5266091
789683723;SET El Oliveral;Iberdrola;"132000;20000";39,4807601;-0,5273891
794190403;;;;40,415501;-1,2217992
795373304;Subestación Baños y Mendigo;Iberdrola Distribución Eléctrica;132000;37,8408262;-1,1085443
798109191;;;;40,4282932;-0,2500802
799310221;;;;40,4307057;-0,251974
799356857;;;;40,4331153;-0,2497455
799356859;;;;40,4331549;-0,2494625
824489349;;;;40,1238048;0,1573967
827538474;;;;38,9675136;-0,1515148
831749563;;;;38,6544152;0,0311686
845179231;;Iberdrola;400000;38,56188;-0,8619021
849347004;;;;37,841981;-0,7719305
852659694;;;;40,6286543;0,5975816
852659696;;;;40,6302205;0,5880359
852659701;;;;40,6286877;0,5865921
853329303;;;;40,7628304;0,5473519
868360294;;;;38,4936468;-0,7995219
872952391;Subestación Torrevieja;Iberdrola Distribución Eléctrica;"220000;20000";37,9740604;-0,6999106
873113861;;;;40,6002598;0,4313566
874002304;;;;40,6296357;0,2945661
893300473;;;;40,3383231;-0,1649181
900544681;;;;38,5002393;-0,8088044
918875226;;;;38,0028545;-1,1093372
921541546;La Muela II;;400000;39,2438023;-0,9316952
935493180;Subestación Eléctrica El Pozo;;"132000;20000";37,8541225;-1,4021329
956969495;;;;38,4986531;-0,7003655
958038757;;;;38,6850604;-0,4730205
963406424;;Electra Valenciana S. A.;;39,4590418;-0,3691937
965335319;Subestación Puerto Escandón;Endesa;132000;40,2889006;-0,9804761
965335320;Subestación PE Puerto Escandón;Molinos del Jalón, S.A.;;40,308476;-0,9680655
967632943;Subestación eléctrica Sanxo Llop;;;38,9707183;-0,1678929
972191097;CT LOS POMARES (ROM);Iberdrola;;38,3508801;-0,8934632
977211056;;;;38,7036143;-0,6342459
977316466;;;;38,6943346;-0,6352411
991536125;;;;38,9312876;-0,099639
1003742277;;;;38,8479765;-0,1487876
1004688785;;;;40,130065;0,1547827
1004688805;;;;40,131256;0,1553341
1005654416;;;;38,852442;-0,1589336
1011349458;;;;38,7586433;-0,0396097
1013850205;CT Hortes-2;;;38,8203109;0,0054971
1013850206;;;;38,820633;0,0061373
1013850464;;;;38,8207361;0,004142
1014956327;;;;38,7544309;-0,0485317
1017222469;;;;38,597611;-0,0539097
1020712341;;;;38,8208187;-0,0072397
1026687772;;Iberdrola;;38,0375538;-1,07643
1026687773;;Iberdrola;;38,0374914;-1,0764172
1026687783;;Iberdrola;;38,0358066;-1,0756404
1026696817;;Iberdrola;;38,0360244;-1,0769252
1026696818;;Iberdrola;;38,036007;-1,0768707
1027465330;;;;39,4411836;-0,3726584
1031628365;;;"20000;400";40,4441241;-0,2716403
1037767632;;;;40,0171649;-0,2781943
1039043344;;;;38,8521059;0,0076128
1039138075;;;;38,8606616;0,0130788
1039701692;;;;38,8494636;0,019519
1044085700;;;;38,8624449;0,020029
1044596455;;;;38,8404438;0,0976244
1049742403;;;;38,8523934;0,0240459
1050282401;;;;38,8510074;0,0096443
1052488549;;;;38,8291988;0,1306633
1056639860;;;;38,0856572;-1,3574305
1065151163;;;;38,6980804;-0,4872492
1069271937;;;;38,7094832;-0,466019
1071667764;;Iberdrola;;38,0458472;-0,9995335
1071786942;;;;38,8359141;0,09247
1073035049;;;;38,8478621;0,0280615
1073056223;;;;38,8465264;0,0173929
1074934402;;;;38,0150554;-0,6858992
1076159192;;;;38,0143977;-0,6974529
1079212980;;;;38,8916466;-0,0486691
1079213483;;;;38,8917022;-0,0462905
1099759141;SET Ibi;Iberdrola;"132000;66000;20000";38,6123803;-0,5877872
1100706857;;;;38,8536728;-0,4456963
1102144773;;;;39,4163849;-0,3987905
1106299641;;;;39,4561948;-0,3472794
1108033064;;;;38,8325868;0,1160848
1108063594;;;;38,838825;0,1030802
1109136409;;;;38,7986506;0,0449672
1121246039;;;;38,9925421;-0,1670253
1124884934;;;;39,9697698;-0,2640051
1125302160;;;;38,8176915;0,0201711
1125424855;;;;38,8193514;0,0176596
1125424856;;;;38,8185874;0,0189703
1125424857;;;;38,8198337;0,0167074
1125424858;;;;38,8210263;0,0153718
1125424859;;;;38,819565;0,0145266
1125424860;;;;38,8188992;0,0156359
1126598413;;;;38,6840229;-0,471517
1127376201;;;;38,8331704;0,1118581
1127376202;;;;38,8334861;0,1115384
1132592385;;;;38,8585029;-0,0010478
1132592390;;;;38,8593477;-0,0003418
1136970744;;;;38,8348293;0,0839052
1136970745;;;;38,8348145;0,0838525
1138990124;;;;38,0988805;-1,2346541
1138990125;;;;38,0964002;-1,2346226
1138990126;;;;38,0915508;-1,2381316
1138990127;;;;38,0926335;-1,239522
1139067317;;;;38,619072;-0,5899087
1140760522;;;;38,9233289;-0,1136411
1140760523;;;;38,9232229;-0,1137005
1147867370;SET Villel;Endesa;"45000;20000";40,2409397;-1,183598
1149886610;;;;38,8176938;0,0198971
1159231386;;;;38,7983295;0,0864543
1163972362;;;;39,0274114;-0,2142713
1167188755;SET Fuente San Luis;"Red Eléctrica de España;Iberdrola";"220000;132000;20000";39,43923;-0,3734753
1167398457;SET Alcalá de la Selva;Endesa;"45000;20000";40,3719819;-0,695793
1167560925;SET Tollo;Endesa;132000;40,777524;-1,3423755
1167560927;SET La Puebla de Valverde;Endesa;"132000;20000";40,2185717;-0,9238764
1167560932;SET Los Villanuevas;Endesa;"66000;20000";40,1295821;-0,6531045
1167560935;SET Fuenfresca;Endesa;"45000;10000";40,3236328;-1,0952877
1167560937;;Endesa;"45000;15000";40,797355;-0,8032812
1167560939;SET El Cerro;Endesa;"45000;10000";40,3405322;-1,1017946
1167560940;;Endesa;45000;40,3335025;-1,1143035
1167579076;;Endesa;;40,7953946;-0,8184392
1169740285;Subestación Torrevieja;Iberdrola Distribución Eléctrica;"220000;20000";37,9736348;-0,6996374
1172194696;;Endesa;;40,3555875;-1,1379894
1175003123;;;20000:400;38,9488908;-0,4575019
1180013992;SET Parque Eólica Losilla;;132000;39,0295359;-1,1311395
1184331878;;;;37,9208941;-0,7334135
1191269658;SET d'Aqueria-Muro;;"66000;20000";38,7928671;-0,4234711
1203129733;;;;38,8995099;-0,0839515
1206584099;;;;38,8354999;0,0968036
1218710266;;;;38,9709198;-0,1538619
1218710270;;;;38,9748695;-0,1461899
1222459635;;;;39,901826;-0,0837933
1222459687;;;;39,9121528;-0,0883549
1222499475;;;;39,9118848;-0,0328055
1225242630;;;;39,4382244;-0,4301181
1228088131;;;;39,4364229;-0,4224343
1232042599;;Adif;;38,7098403;-0,4693482
1236330923;;;;39,2483922;-0,9277136
1236351096;Hervideros;;66000;39,231019;-1,0934077
1236351102;;;;39,0694025;-1,0468363
1236353944;;;132000;39,2378265;-1,1320957
1236447412;;;132000;38,8928056;-1,3139263
1236448843;;;"132000;30000";38,8560643;-1,2964507
1236450374;Campanario Adif;;400000;38,8838938;-1,2779269
1236451621;Alpera;;66000;38,9398961;-1,2523335
1236451628;SET Campanario Renovables;Elawan;"400000;132000";38,8810662;-1,2808947
1236557052;Benagéber;Iberdrola;66000;39,7258218;-1,0989536
1236557055;Domenco;;66000;39,7044178;-0,9480428
1236568590;Bulgara;;66000;39,6051874;-0,7841028
1236672048;Parque Eolico Sierra de Menera;;132000;40,7500674;-1,5750835
1237043996;;;45000;40,4509446;-1,2429843
1237043997;SET Intamasa;;45000;40,4570241;-1,2459646
1237348608;Landete;Unión Fenosa Distribución CO.;"66000;15000";39,9047296;-1,3763232
1237569116;;;;40,2941311;-0,2939918
1240973268;;;;39,8667143;-0,1205626
1241022928;;;;39,8624615;-0,1410927
1241022935;;;;39,8647573;-0,1418585
1245346919;;;;39,4325254;-0,4284083
1245359269;;;;39,434985;-0,4262962
1245359271;;;;39,4318206;-0,4225568
1245359272;;;;39,4317969;-0,4224899
1245359279;;;;39,4330084;-0,4260565
1245361858;;;;39,4324296;-0,4239843
1245917252;;;;39,4318031;-0,4354331
1246088654;;;;39,4368622;-0,4268872
1246468394;;;;39,4410288;-0,4250291
1247759560;;;;39,4389237;-0,4351182
1250005926;;Endesa;;40,6045955;0,458332
1250027125;;Adif;"25000;3000";40,6596627;0,5085253
1254058419;;;;39,4354177;-0,4401065
1254299397;;;;39,4326431;-0,4205508
1254966414;;;;39,8112723;-0,8874038
1255214323;;Adif;;39,5368427;-1,1706042
1255217198;;;;39,492385;-1,0998314
1256133147;;;;39,2812766;-0,4221245
1256133186;;;;39,2818865;-0,4211896
1256688092;;;;39,2829684;-0,4195108
1256839786;;;;40,623373;-1,4511893
1256842684;SET Cementos El Molino”;;"132000;20000";40,5559815;-1,3323381
1256941211;SET Central Hidroeléctrica de Cirat;;"132000;66000";40,0583603;-0,4491837
1257231382;Los Toranes;;;40,1451456;-0,7406313
1257234621;;;66000;39,9515604;-0,1722175
1257367673;ST Alcalaten;;"132000;20000";40,0667845;-0,201451
1257368788;;;66000;40,0461924;-0,1747054
1257540996;SET Montebello;;"220000;132000;20000";38,5960121;-0,139549
1257548380;Edificio técnico A.V.E. Alicante;;;38,3515771;-0,5184168
1257548393;SET V Cemex;;132000;38,3783771;-0,5426008
1257557294;SET Elx Sud (Elche Sur);;"132000;66000;20000";38,2541784;-0,7587643
1257751872;SET Peñiscola;Iberdrola;"132000;20000";40,3829365;0,3912595
1257759944;;Adif;"66000;3000";40,1536547;0,1614812
1258716848;SET Villena (R);Adif;66000;38,6299148;-0,867305
1258743257;SET Alhorines;Iberdrola;132000;38,719344;-0,9239518
1258743258;ST PV Alhorines;;;38,7611679;-0,9401666
1258745702;Vidrala;;66000;38,7137303;-0,9588216
1258831837;STR Bañeres;;"66000;20000";38,7276456;-0,6911261
1258841550;SET Alcira;"Red Eléctrica de España;Iberdrola";"220000;66000;20000";39,1496711;-0,457418
1258994984;SET Benicull;;"220000;20000";39,1849455;-0,4023724
1258994988;SET Cullera;;"66000;20000";39,1810492;-0,2652617
1259000896;SET El Perelló;Iberdrola;"66000;20000";39,2516484;-0,2646253
1259370155;ST Sagunto amplification (Sagunt);;"220000;20000";39,6732282;-0,2678002
1259370160;;;;39,6726465;-0,2745945
1259393061;;;66000;39,6645577;-0,2451216
1259434653;Torrente-ADIF;Adif;"400000;25000";39,4213635;-0,4511595
1259492017;SET Cataroja;Hidroelectrica Española;66000;39,3978033;-0,3936729
1259492018;SET Purina;;66000;39,3822493;-0,3955663
1259494997;SET Picasent;;"132000;20000";39,3232082;-0,433059
1259495003;SET Ford;;132000;39,3169678;-0,4169122
1259639286;ST Parque Central;"REE;Iberdrola";"220000;20000";39,4579847;-0,3825318
1259647172;;Adif;;39,4443056;-0,4965371
1259647173;SET Aldaya;;"22000;20000";39,4519886;-0,4999649
1259647174;Subestación Eléctrica de Aldaya;Red Eléctrica de España;220000;39,4517007;-0,5010973
1259664977;;;;38,7157386;-0,94695
1263028482;;Endesa;;40,4359123;-0,7253035
1263042939;;Endesa;20000;40,5063;-0,8611068
1263211052;Subestación Valdeconejos;Red Eléctrica de España;220000;40,7935497;-0,8814846
1263420319;Subestación PFV Escucha;;"132000;30000";40,705067;-0,850216
1263420320;SET Cuevas de Almudén;Endesa;132000;40,7052128;-0,8508713
1263430948;Subestación Platea;Red Eléctrica de España;400000;40,4433217;-1,1158611
1272045304;;;;38,1169965;-0,7179572
1272045305;;;;38,1151433;-0,7185571
1272045306;;;;38,1135591;-0,7208756
1274362704;Centre de transformació elèctrica del Moratell;;;38,5281194;-0,5081626
1274687553;;;;39,282691;-0,4259276
1275049036;;;;40,6600255;0,0436423
1277780445;;Adif;400000;39,5240477;-1,5647253
1277780459;Minglanilla-Generación;;400000;39,5269725;-1,5673019
1277780472;;;400000;39,5249554;-1,5671296
1278864373;;;400000;39,4601901;-0,9875924
1279585314;Chiva;Iberdrola;"132000;20000";39,4742599;-0,679586
1279585320;Cheste;Iberdrola;"132000;20000";39,4774602;-0,6791756
1286614557;STR Carrases;Iberdrola;"66000;20000";39,6449521;-0,6258773
1288386646;;;;39,2912407;-0,4293938
1289735751;;;;39,2998537;-0,4781595
1290450028;;;;39,2992445;-0,4830444
1292143821;;;"10000;400";40,3289689;-1,3251405
1293833564;;;;38,9913566;-0,164568
1294999637;Subestación de Elche;;66000;38,2762355;-0,6679065
1294999644;Subestación de Monforte del Cid;Adif;;38,4066457;-0,6955813
1296737218;;;;37,8790398;-0,7556327
1300932848;;;;39,2960853;-0,4827925
1304507657;;;;40,2134608;0,0624473
1312793256;;;;39,1008487;-0,2242432
1312859565;;;;39,2865477;-0,4314783
1316207279;;;;40,1292897;0,0000124
1316265107;;;;38,8487687;0,0497884
1320121926;;;;39,2845147;-0,4330574
1320121927;;;;39,2845024;-0,4331576
1321837256;;;;39,2819195;-0,4311913
1323470079;;;;39,4247867;-0,3955882
1330187678;;;;39,4284253;-0,4121595
1330187680;;;;39,4297003;-0,4109074
1330187681;;;;39,4298292;-0,4097785
1330187682;;;;39,4298524;-0,4095143
1330187683;;;;39,4298527;-0,4092652
1330856738;;;;39,4240986;-0,4157855
1330886511;;;;39,3672445;-0,4596282
1331321467;;;;39,4098055;-0,3888793
1332148162;;;;39,4245122;-0,4054629
1332148171;;;;39,4239446;-0,407016
1332158318;;;;39,4281035;-0,4171756
1332676763;;;;39,4212862;-0,4150671
1333184934;;;;39,4014924;-0,410939
1333184936;;;;39,4018969;-0,4106055
1333184945;;;;39,4010436;-0,4096097
1333184946;;;;39,4012047;-0,4095554
1333190647;;;;39,3902667;-0,4098436
1333190648;;;;39,3901964;-0,4103645
1333190649;;;;39,3899934;-0,413646
1333190650;;;;39,3894854;-0,4100687
1335594277;;;;39,4046484;-0,3904817
1336244429;;;;39,4108947;-0,4022328
1336411372;;;;39,4159209;-0,3859508
1336411373;;;;39,4159368;-0,3860459
1336418881;;;;39,4135491;-0,3946262
1336930820;;;;39,4104376;-0,394063
1337938074;;;;39,4142355;-0,4002767
1338088764;;;;39,4091002;-0,3914297
1338092540;;;;39,4110575;-0,3987486
1340146210;;;;39,981565;-0,0180997
1340574113;;;;39,4255249;-0,4016917
1341054270;;;;38,9627202;-0,1717274
1341366310;;;;38,5340553;-0,17531
1341366325;;;;38,5351773;-0,1738706
1341926238;;;;37,9286359;-0,7370895
1341926239;;;;37,9286108;-0,7370433
1341926240;;;;37,9285745;-0,7371074
1343396086;;;;39,9853252;-0,0254373
1343396090;;;;39,9856674;-0,0270522
1343396094;;;;39,9861155;-0,0251539
1343396101;;;;39,9864501;-0,0267227
1346421058;;;;40,5002249;-0,1875169
1346447664;;;;39,9823239;-0,0315713
1349828901;;;;39,9893213;-0,0242381
1349828902;;;;39,9901487;-0,0239896
1349828903;;;;39,9903919;-0,0255919
1349828904;;;;39,9895732;-0,0258816
1349987314;;;;39,4080081;-0,3979679
1350172838;;;;39,98385;-0,0260143
1351220015;;;;39,0258375;-0,2381863
1352371093;;;66000;38,2543438;-0,7925492
1353714809;Subestación Cocentaina;Iberdrola;"132000;20000";38,7514671;-0,4457109
1353714810;STR Xàtiva;Iberdrola;"66000;20000";38,9922086;-0,5325547
1353921891;Subestación Pinoso;Iberdrola;"66000;20000";38,4067078;-1,0241555
1362894371;;;;38,7453376;-0,0679409
1362896703;;;;38,8366771;0,1101853
1370715992;;;;39,4213365;-0,3967632
1377041790;;;;40,2026997;-0,4189959
1383031763;Caseta de la Llum;;;40,645341;-0,2464986
1386670105;;;;39,4205351;-0,4017384
1386670106;;;;39,4205242;-0,401618
1386951515;;;;38,7235678;-0,4477521
1389227983;Subestación La Lloma;Iberdrola;132000;38,568352;-0,1099428
1391155393;;;;39,4495686;-0,4633679
1393890916;;;;39,4313245;-0,4112558
1394842987;;;;39,4316215;-0,409371
1395256450;;;;39,4333379;-0,4085743
1411171126;;;;39,4321512;-0,4076869
1416502187;;;;39,5395804;-0,4558882
1419390405;Coll de Rualda;;;40,3635448;-0,1298261
1423357042;;;;39,4236774;-0,3828214
1425373212;;;;39,4239972;-0,3868039
1427568394;;;;39,4270446;-0,3870554
1429841465;;;"132000;30000";38,8483095;-1,0808298
1432384762;;;;39,4101896;-0,4069622
1432384764;;;;39,4099285;-0,4053777
1432598117;;;;39,4271327;-0,3893745
1432734502;;;;39,4102443;-0,4040924
1433299782;;;;39,409948;-0,4032244
1435114430;;;;39,40875;-0,406651
1442546500;;;;39,4047284;-0,409448
1442546502;;;;39,405118;-0,409339
1443947620;;;;39,4236506;-0,3787774
1445644603;;;;39,4058541;-0,4107532
1445644613;;;;39,4067901;-0,410155
1445644618;;;;39,4077094;-0,409594
1445973135;;;;39,4055924;-0,4109159
1447833703;;;;40,2502846;-0,7538186
1449988362;;;;39,4164264;-0,3964758
1449988407;;;;39,4162484;-0,3954283
1450835671;;;;39,4166673;-0,3975825
1450838058;Subestación Eléctrica de Riodeva;;;40,1150173;-1,1636051
1452658413;;;;39,4027588;-0,4072426
1453341258;;;;40,190052;-0,6499508
1453553313;;;;39,3992964;-0,4051877
1454613716;;;;39,4064489;-0,3994525
1455438470;;;;39,404366;-0,3977696
1455752808;;;;39,4030798;-0,3984538
1457205079;;;;40,7676052;0,6601924
1458486273;;;;39,6778652;-0,2596044
1458486443;;;;39,6680815;-0,2381544
1460240644;;;;40,6914679;-0,785434
1460545952;;;;40,6731592;-0,7428945
1461910882;;;;38,834206;0,0311872
1465635107;ST Deremador;Elawan;"132000;30000";38,828588;-1,3678512
1472460431;;;;38,5361743;-0,17666
1473389482;;;;40,1299319;0,157154
1473389492;;;;40,1297165;0,1555646
1473389510;;;;40,1296631;0,1591628
1474379255;;;;39,4104313;-0,3981682
1474379256;;;;39,4104794;-0,3980573
1487723705;;;;39,5250808;-1,5584265
1488469287;SET Balbona;Enel;"132000;30000";38,5139473;-1,4083346
1488478024;SET colectora La Alquería;;"400000;132000";38,5208792;-1,3303934
1488482077;SET Cerrillares;;132000;38,6193532;-1,3250176
1488643421;;;;38,7648732;-1,599798
1488643424;SE PE Cabrerizas;;"132000;30000";38,7583854;-1,6001085
1488658763;SE PE La Herrada;;132000;38,743057;-1,3664265
1488796181;SE ALMANSOL;;"132000;30000";38,8875989;-1,2784103
1488796186;;;;38,8997365;-1,324482
1488907780;SET Villanueva (Vilanova);;132000;39,1520108;-1,1377552
1488919369;SET AYORA;Acciona Energia;132000;39,1292646;-1,2215467
1489081301;SE7 Preconcentradora 400/132 kV;;"400000;132000";39,0419142;-1,008843
1489304967;;;"20000;240";39,0267357;-0,4876941
1494406974;;;;38,0560871;-1,2201751
1502456308;;;;38,0018907;-1,3289769
1508244199;;;;38,8158712;0,0233804
1508244200;;;;38,8178341;0,0173065
1508244211;;;;38,8165297;0,0192649
1508433783;;;;39,4141885;-0,3963611
1516601284;;;;39,4007974;-0,4075911
1516601286;;;;39,4007427;-0,4073288
1516649083;;;;39,6855844;-0,4263786
1517002160;;;;39,3997778;-0,4061648
1517002161;;;;39,3998888;-0,4061256
1517106006;;;;39,4012357;-0,4141862
1518356339;;;;39,4011421;-0,4175618
1518747339;;;;39,3994162;-0,417666
1521681830;;;;39,3979221;-0,4127402
1523779519;;;;40,022992;-0,2786274
1526826409;;;;39,68099;-0,432193
1527969630;;;;39,6886257;-0,4287873
1529912318;;;;39,6888265;-0,4255522
1530350869;;;;40,6333136;0,2811575
1530478975;;;;40,6390695;0,284973
1531247135;;;;39,3937785;-0,407155
1531247140;;;;39,393528;-0,4061512
1533891274;;;;40,4152783;-1,2208323
1534821567;;;;40,7657636;0,5940182
1537129551;;;;40,0491066;0,0158087
1537728003;;;;39,9927941;-0,029386
1537796524;;;;39,9931997;-0,0273588
1537938680;;;;39,3953169;-0,4079537
1538405307;;;;39,9937763;-0,0268834
1539190705;;;;39,9951188;-0,025486
1539676486;Subestación Campos del Río;Red Eléctrica de España;400;38,0614056;-1,3922869
1540200159;;;;39,9928646;-0,0307359
1544023275;;;;40,047353;0,0216746
1544624240;;;;39,996503;-0,0284635
1545017549;;;;40,0523316;0,0169432
1545105613;;;;39,9992539;-0,0335939
1545619541;;;;39,9975845;-0,0312021
1545959825;;;;39,3939015;-0,4101517
1546278728;;;;40,0453497;0,0229651
1546689079;;;;39,3952529;-0,4110648
1546954189;;;;39,3951644;-0,4118649
1547416414;;;;39,4447373;-0,366001
1547746541;;;;39,9743045;-0,0355465
1547746547;;;;39,974428;-0,0358895
1547748345;;;;39,9752385;-0,035
1547749066;;;;39,9758675;-0,0355412
1547810413;;;;39,975927;-0,066827
14933133;Subestación Desaladora de Torrevieja;Iberdrola Distribución Eléctrica;"220000;20000";37,9675283;-0,7053274
15553111;;;;38,1085734;-0,6644616
15788486;Subestación de Los Montesinos;;66000;38,0309138;-0,7444962
17319555;SET Bernat;Red Eléctrica de España;220000;39,1491369;-0,4592636
20710046;CT1;;;38,7462022;-0,5532636
