osm_id;nombre;operador;voltaje;latitud;longitud;lat;lon;tipo_activo;tipo_apoyo;nivel_peligrosidad_patricova;dentro_zona_inundable;peligrosidad_ordinal;distancia_zona_inundable_m;provincia;velocidad_viento_ms;densidad_apoyos_5km;cluster
1511366405;;;;39,4713881;-0,3943354;39.4713881;-0.3943354;subestacion;;;False;0;436.9;Valencia;3.783;411;6
1770120375;;;;39,3289366;-0,600733;39.3289366;-0.600733;subestacion;;;False;0;32.2;Valencia;4.322;65;6
1918472139;;;;38,1253764;-0,6503589;38.1253764;-0.6503589;subestacion;;;False;0;298.0;Alicante;4.672;119;8
1918472141;;;;38,1264589;-0,6493397;38.1264589;-0.6493397;subestacion;;;False;0;436.9;Alicante;4.651;115;8
1918472142;;;;38,1261403;-0,6498386;38.1261403;-0.6498386;subestacion;;;False;0;390.5;Alicante;4.672;116;8
1918472143;;;;38,1259124;-0,6499298;38.1259124;-0.6499298;subestacion;;;False;0;364.0;Alicante;4.672;119;8
5896826328;;;;39,4301278;-0,4717587;39.4301278;-0.4717587;subestacion;;;False;0;944.1;Valencia;3.963;538;4
8926541262;Subestación Folch;Acciona Energía;;40,4681883;-0,2107036;40.4681883;-0.2107036;subestacion;;;False;0;2619.7;Castellón;7.966;108;1
8926752330;Subestación Embalague;Acciona Energía;;40,5342609;-0,28175;40.5342609;-0.28175;subestacion;;;False;0;4388.1;Castellón;8.351;119;1
8926800825;Torre de Miró;Acciona Energía;;40,6725307;-0,0887125;40.6725307;-0.0887125;subestacion;;;False;0;6583.0;Castellón;7.189;151;1
11710795824;ST Alameda;;"220000;132000;20000";39,4562962;-0,3475148;39.4562962;-0.3475148;subestacion;;;False;0;83.3;Valencia;3.897;269;6
12601503679;Parque Eólico de Peñas de Dios;;;39,8297474;-0,8689271;39.8297474;-0.8689271;subestacion;;;False;0;7429.2;Valencia;4.195;39;5
12906282390;;;;40,0491563;0,0471968;40.0491563;0.0471968;subestacion;;;False;0;944.5;Castellón;3.545;636;2
25737185;SET San Juan d'Alacant;;"132000;20000";38,3900152;-0,4601994;38.3900152;-0.4601994;subestacion;;;False;0;902.9;Alicante;4.096;12;8
28648202;SET San Vicente;Red Eléctrica de España;"220000;132000;66000";38,3968757;-0,5379966;38.3968757;-0.5379966;subestacion;;;False;0;541.7;Alicante;4.339;141;8
33771314;Subestacion electrica La Eliana;"Red Eléctrica de España;Iberdrola";"400000;220000;132000;20000";39,5545838;-0,5106262;39.5545838;-0.5106262;subestacion;;;False;0;1552.9;Valencia;3.793;434;4
34585227;Subestación de la Plana;Red Eléctrica de España;"400000;220000;132000";39,9667916;-0,0965304;39.9667916;-0.0965304;subestacion;;;False;0;204.5;Castellón;3.45;1269;3
39827901;El Ingenio;Iberdrola;220000;39,9783768;-0,0150797;39.9783768;-0.0150797;subestacion;;;False;0;58.7;Castellón;3.79;1156;3
41401161;;Iberdrola;;40,121581;0,1515404;40.121581;0.1515404;subestacion;;;False;0;1148.7;Castellón;4.181;415;2
45420851;;;;38,7788504;-0,1037756;38.7788504;-0.1037756;subestacion;;;False;0;1059.2;Alicante;4.426;0;7
49778136;SET Vall d'Uixó;Iberdrola;"66000;20000";39,8118931;-0,224987;39.8118931;-0.224987;subestacion;;;False;0;21.3;Castellón;3.294;618;4
51824074;Subestación El Campo;;220000;39,989334;-0,6803568;39.989334;-0.6803568;subestacion;;;False;0;1259.5;Castellón;5.325;90;5
55275595;Torre de Miró;Acciona Energía;132000;40,672539;-0,0887066;40.672539;-0.0887066;subestacion;;;False;0;6582.3;Castellón;7.189;152;1
58226629;Subestación de Quart;Iberdrola;"132000;20000";39,4714296;-0,4332409;39.4714296;-0.4332409;subestacion;;;False;0;615.4;Valencia;3.873;568;4
60351390;Subestació elèctrica de Torrent;"Red Eléctrica de España;Iberdrola";"400000;220000;132000;66000;20000";39,4235462;-0,454668;39.4235462;-0.454668;subestacion;;;False;0;830.2;Valencia;4.061;536;4
60351393;Subestació de Picanya;Iberdrola;"132000;20000";39,4456074;-0,4496683;39.4456074;-0.4496683;subestacion;;;False;0;486.5;Valencia;3.996;583;4
71810109;ST Benicassim;Iberdrola;;40,0609037;0,07201;40.0609037;0.07201;subestacion;;;False;0;292.3;Castellón;3.244;541;2
77594046;ST Sagunt (Sagunto);;220000;39,6722468;-0,2677366;39.6722468;-0.2677366;subestacion;;;False;0;751.4;Valencia;4.261;625;4
77594207;SET Museros;Iberdrola;"132000;20000";39,5716878;-0,3577697;39.5716878;-0.3577697;subestacion;;3.0;True;4;0.0;Valencia;4.077;384;6
77625314;Subestación Eléctrica Carrús;Iberdrola;"132000;20000";38,2817551;-0,7160837;38.2817551;-0.7160837;subestacion;;;False;0;1072.4;Alicante;4.912;75;8
77640470;SET Gaussa;Red Eléctrica de España;400000;39,6598485;-0,3169951;39.6598485;-0.3169951;subestacion;;;False;0;1978.5;Valencia;3.587;607;4
77652277;SET SIDMED;;"220000;66000";39,6512921;-0,239152;39.6512921;-0.239152;subestacion;;;False;0;1427.7;Valencia;4.315;365;6
77654729;;;400000;39,6422445;-0,2366467;39.6422445;-0.2366467;subestacion;;;False;0;409.5;Valencia;4.5;254;6
84893501;;;;39,8524891;-0,7149454;39.8524891;-0.7149454;subestacion;;;False;0;3833.4;Castellón;5.216;86;5
93602097;SET Beniferri;"Red Eléctrica de España;Iberdrola";"220000;132000;20000";39,4942887;-0,408736;39.4942887;-0.408736;subestacion;;;False;0;112.4;Valencia;3.904;402;6
93775331;SET Calp;;"132000;20000";38,6399997;0,0186262;38.6399997;0.0186262;subestacion;;;False;0;2697.9;Alicante;4.209;38;7
95510827;;Adif;"66000;3000";38,9084002;-0,6930111;38.9084002;-0.6930111;subestacion;;;False;0;505.6;Valencia;3.763;96;8
98626319;SET Refoyas;Acciona Energy;"132000;30000";40,6561744;-0,3074465;40.6561744;-0.3074465;subestacion;;;False;0;4640.4;Castellón;6.889;40;1
98626365;SET Muela de Todolella;Acciona Energy;132000;40,6882478;-0,2479347;40.6882478;-0.2479347;subestacion;;;False;0;4506.1;Castellón;6.113;86;1
98626366;SET Manzanera;Acciona Energy;;40,6329559;-0,3547506;40.6329559;-0.3547506;subestacion;;;False;0;4057.9;Castellón;7.495;22;1
99867908;;Iberdrola;66000;39,3500123;-0,3232079;39.3500123;-0.3232079;subestacion;;;False;0;52.5;Valencia;4.89;170;6
107849996;Subestación PE Folch;Acciona Energía;132000;40,4681963;-0,2107236;40.4681963;-0.2107236;subestacion;;;False;0;2621.6;Castellón;7.966;109;1
108209183;Subestación Embalague;Acciona Energía;;40,5342987;-0,2817547;40.5342987;-0.2817547;subestacion;;;False;0;4384.0;Castellón;8.351;119;1
126881765;Subestación de Morella;Iberdrola;"400000;132000";40,6109786;-0,1953969;40.6109786;-0.1953969;subestacion;;;False;0;222.1;Castellón;4.687;215;1
126987023;Subestación de Catadau;Red Eléctrica de España;"400000;220000;132000";39,2502393;-0,5608484;39.2502393;-0.5608484;subestacion;;;False;0;990.3;Valencia;4.093;161;6
127249103;ST Villamarchante;Iberdrola;"132000;66000;20000";39,5551893;-0,5935501;39.5551893;-0.5935501;subestacion;;;False;0;199.6;Valencia;3.837;265;6
127528728;SET Vall d'Uixo Futura;Iberdrola;"220000;20000";39,7935202;-0,2215715;39.7935202;-0.2215715;subestacion;;;False;0;1319.3;Castellón;3.563;700;4
127528763;C. Olivar;Iberdrola;"66000;20000";39,5456013;-0,423081;39.5456013;-0.423081;subestacion;;;False;0;643.7;Valencia;4.057;451;4
127528764;Vinalesa;Iberdrola;132000;39,5339877;-0,3672595;39.5339877;-0.3672595;subestacion;;;False;0;463.1;Valencia;4.178;285;6
127528769;Subestación de Segorbe;Red Eléctrica de España;"220000;66000;20000";39,8274375;-0,4565096;39.8274375;-0.4565096;subestacion;;;False;0;665.6;Castellón;3.964;505;4
127528771;SET Puzol;Iberdrola;66000;39,6233456;-0,3204961;39.6233456;-0.3204961;subestacion;;;False;0;1273.3;Valencia;4.123;350;6
127567170;;Iberdrola;"132000;20000";39,9190062;-0,1066555;39.9190062;-0.1066555;subestacion;;;False;0;202.3;Castellón;3.605;1016;3
127605081;Subestación Benadresa;Iberdrola;220000;40,003125;-0,0863329;40.003125;-0.0863329;subestacion;;;False;0;629.0;Castellón;3.396;1003;3
127637375;ST Corral del Corb;Iberdrola;"132000;66000;20000";40,0133178;-0,1883472;40.0133178;-0.1883472;subestacion;;;False;0;1853.4;Castellón;2.983;760;4
127637385;;Iberdrola;;40,166637;-0,0054582;40.166637;-0.0054582;subestacion;;;False;0;16.2;Castellón;4.313;455;2
127637386;ST San Joan de Moró;Red Eléctrica de España;"132000;20000";40,0580211;-0,1275928;40.0580211;-0.1275928;subestacion;;;False;0;2866.5;Castellón;3.063;594;2
127922062;;Iberdrola;"400000;220000";39,6491683;-0,2474129;39.6491683;-0.2474129;subestacion;;;False;0;1049.4;Valencia;4.459;403;4
131323213;;Subestación HVDC de Morvedre;;39,6406903;-0,2377207;39.6406903;-0.2377207;subestacion;;;False;0;248.1;Valencia;4.601;249;6
133524568;SET Benicarló;Iberdrola;"132000;66000;20000";40,4319402;0,4034696;40.4319402;0.4034696;subestacion;;;False;0;375.5;Castellón;4.705;386;2
135012943;STR Torreblanca;Iberdrola;"66000;20000";40,2052683;0,1789746;40.2052683;0.1789746;subestacion;;;False;0;1931.1;Castellón;3.862;600;2
136103225;SET Atzanta del Maestrat;Iberdrola;"66000;20000";40,2182371;-0,1743133;40.2182371;-0.1743133;subestacion;;;False;0;511.5;Castellón;3.713;376;1
136215271;SET L'Alcora;Iberdrola;"66000;20000";40,0720093;-0,2081495;40.0720093;-0.2081495;subestacion;;;False;0;185.2;Castellón;2.779;568;2
137705728;SET Benassal;Iberdrola;"66000;20000";40,377307;-0,1374486;40.377307;-0.1374486;subestacion;;;False;0;2476.6;Castellón;5.083;374;1
139517539;SET El Colmenar;;"66000;20000";39,9978339;-0,2306602;39.9978339;-0.2306602;subestacion;;;False;0;232.6;Castellón;2.921;628;4
139517552;SET Onda;Iberdrola;"66000;20000";39,9754712;-0,2308766;39.9754712;-0.2308766;subestacion;;;False;0;108.3;Castellón;3.674;529;2
143860933;SET Villafranca del Cid;Iberdrola;66000;40,4331976;-0,2497095;40.4331976;-0.2497095;subestacion;;;False;0;5868.2;Castellón;7.267;176;1
144033970;;Red Eléctrica de España;;39,9584728;-0,0024024;39.9584728;-0.0024024;subestacion;;6.0;True;1;0.0;Castellón;3.895;784;2
144777809;SET Betxí;Iberdrola;"220000;20000";39,9281747;-0,1779694;39.9281747;-0.1779694;subestacion;;6.0;True;1;0.0;Castellón;3.498;550;2
144926472;Subestación San Miguel de Salinas;Iberdrola Distribución Eléctrica;220000;38,0002618;-0,7656612;38.0002618;-0.7656612;subestacion;;;False;0;1218.5;Alicante;4.878;466;8
144926486;Subestación de Campoamor;;220000;37,9071742;-0,7835717;37.9071742;-0.7835717;subestacion;;;False;0;2237.4;Alicante;5.244;272;8
144931782;Subestación de Ayora;Red Eléctrica de España;400000;39,0413662;-1,0074237;39.0413662;-1.0074237;subestacion;;;False;0;3305.0;Valencia;4.139;107;5
144933376;Subestación de Requena;Red Eléctrica de España;400000;39,4592224;-0,9882242;39.4592224;-0.9882242;subestacion;;;False;0;247.0;Valencia;4.919;82;5
144940509;Requena;Adif;"400000;25000";39,465958;-0,9705731;39.465958;-0.9705731;subestacion;;;False;0;1578.4;Valencia;5.106;100;5
145643953;;;;39,202124;-0,3180946;39.202124;-0.3180946;subestacion;;;False;0;476.6;Valencia;4.198;87;6
147958115;SET Central de Vallat;;"132000;20000";40,0292623;-0,3306567;40.0292623;-0.3306567;subestacion;;;False;0;30.0;Castellón;3.519;280;1
150661577;;;;40,2134195;0,062484;40.2134195;0.062484;subestacion;;;False;0;1547.7;Castellón;4.888;297;2
151369191;Subestación de La Punta;Iberdrola;"132000;20000";39,4392058;-0,3417215;39.4392058;-0.3417215;subestacion;;;False;0;1055.2;Valencia;4.311;283;6
156435509;Converter HVDC de Morvedre;;"400000;250000";39,6410992;-0,2354165;39.6410992;-0.2354165;subestacion;;;False;0;307.6;Valencia;4.511;232;6
165517087;Subestación de Cofrentes;;132000;39,2479571;-1,0942421;39.2479571;-1.0942421;subestacion;;1.0;True;6;0.0;Valencia;3.188;96;5
167457211;;;;38,1356983;-0,6772263;38.1356983;-0.6772263;subestacion;;;False;0;742.7;Alicante;4.681;117;8
167874037;SET La Encina;Adif;66000;38,7628622;-0,9516324;38.7628622;-0.9516324;subestacion;;;False;0;1575.0;Alicante;5.642;48;8
168610672;;;;39,5010087;-0,3794859;39.5010087;-0.3794859;subestacion;;;False;0;807.3;Valencia;4.001;343;6
169616880;Subestación de Elda;;"220000;66000;20000";38,5000795;-0,7909704;38.5000795;-0.7909704;subestacion;;;False;0;385.5;Alicante;4.623;120;8
171251565;Subestación de Rocamora;Iberdrola Distribución Eléctrica;"400000;132000;66000";38,1477983;-0,9462063;38.1477983;-0.9462063;subestacion;;;False;0;809.9;Alicante;3.654;233;8
171256169;ST Beneixama;Red Eléctrica de España;"400000;220000;132000";38,7190069;-0,7225554;38.7190069;-0.7225554;subestacion;;;False;0;863.8;Alicante;4.224;185;8
171260466;;;;38,9773616;-0,9679068;38.9773616;-0.9679068;subestacion;;;False;0;9551.7;Valencia;6.016;57;5
171274139;SET Saladas;Red Eléctrica de España;"220000;132000";38,2993021;-0,6201756;38.2993021;-0.6201756;subestacion;;;False;0;3285.9;Alicante;4.677;122;8
171277174;SET Elche HC;Red Eléctrica de España;220000;38,2645478;-0,6361633;38.2645478;-0.6361633;subestacion;;;False;0;1854.2;Alicante;4.492;80;8
171277691;Subestación de Rojales;Red Eléctrica de España;220000;38,0562571;-0,7368168;38.0562571;-0.7368168;subestacion;;;False;0;2322.9;Alicante;4.46;501;8
171419971;Subestación de Xixona;Red Eléctrica de España;220000;38,491748;-0,4773264;38.491748;-0.4773264;subestacion;;;False;0;4846.5;Alicante;5.083;131;8
171419975;SET Cantalar;;"220000;20000";38,4245077;-0,4204924;38.4245077;-0.4204924;subestacion;;;False;0;194.7;Alicante;4.093;18;8
171433651;SET Valle de Cárcer;Red Eléctrica de España;"220000;20000";39,0613504;-0,5212459;39.0613504;-0.5212459;subestacion;;;False;0;594.5;Valencia;2.815;98;6
171442816;Subestación de l'Albal;Iberdrola;220000;39,3976864;-0,4452353;39.3976864;-0.4452353;subestacion;;;False;0;925.6;Valencia;4.22;495;4
171537720;SET El Pameral;;"220000;20000";38,3287145;-0,5192996;38.3287145;-0.5192996;subestacion;;;False;0;391.2;Alicante;4.289;41;8
171544192;;;;39,4213685;-0,4511905;39.4213685;-0.4511905;subestacion;;;False;0;656.3;Valencia;4.146;532;4
171544194;Central Electrica del Salto de Millares;;220000;39,2240715;-0,7184762;39.2240715;-0.7184762;subestacion;;;False;0;7577.8;Valencia;3.267;71;5
171549323;;;"220000;66000";38,4389793;-0,7821322;38.4389793;-0.7821322;subestacion;;;False;0;2006.9;Alicante;4.962;49;8
171556372;;Red Eléctrica de España;220000;39,1330082;-0,4143971;39.1330082;-0.4143971;subestacion;;5.0;True;2;0.0;Valencia;2.95;244;6
171642115;Matrona;Iberdrola;;39,2807188;-0,8645649;39.2807188;-0.8645649;subestacion;;;False;0;829.6;Valencia;5.35;192;5
171642119;Buñol;Iberdrola;"132000;66000;20000";39,4209047;-0,7771386;39.4209047;-0.7771386;subestacion;;;False;0;1987.5;Valencia;4.22;238;5
176481627;;;;38,1273039;-0,6961738;38.1273039;-0.6961738;subestacion;;2.0;True;5;0.0;Alicante;4.301;149;8
179718877;;;;39,4700157;-0,6063696;39.4700157;-0.6063696;subestacion;;;False;0;1141.7;Valencia;3.745;22;6
180159004;STR Requena;i-DE;"66000;20000";39,4850889;-1,1431859;39.4850889;-1.1431859;subestacion;;;False;0;830.2;Valencia;4.758;201;5
180255962;Subestacion electrica Collado;Iberdrola;"132000;20000";39,262532;-0,9300001;39.262532;-0.9300001;subestacion;;;False;0;6819.5;Valencia;5.655;258;5
180292144;;;;39,4477338;-1,2088619;39.4477338;-1.2088619;subestacion;;;False;0;2859.5;Valencia;4.477;21;5
181588881;;;;39,4941956;-0,4732276;39.4941956;-0.4732276;subestacion;;;False;0;588.2;Valencia;3.85;915;4
185549143;SET Cabanyal;;"132000;20000";39,4833256;-0,3380786;39.4833256;-0.3380786;subestacion;;;False;0;257.7;Valencia;4.195;204;6
186942438;Subestació del Grau;Iberdrola;"220000;132000;66000;20000";39,4563833;-0,3328735;39.4563833;-0.3328735;subestacion;;;False;0;142.5;Valencia;4.17;227;6
188488579;;;;38,1297935;-0,6785829;38.1297935;-0.6785829;subestacion;;;False;0;476.8;Alicante;4.511;143;8
188488813;;;;38,1317924;-0,6766074;38.1317924;-0.6766074;subestacion;;;False;0;546.5;Alicante;4.677;128;8
189045154;;;;38,1268717;-0,6860971;38.1268717;-0.6860971;subestacion;;;False;0;173.7;Alicante;4.553;153;8
198642824;ST La Rambleta;Iberdrola;"132000;66000;20000";39,8386194;-0,1842999;39.8386194;-0.1842999;subestacion;;;False;0;812.2;Castellón;3.354;686;4
198642826;STR Moncofa;Iberdrola;"66000;20000";39,8150273;-0,1629106;39.8150273;-0.1629106;subestacion;;;False;0;440.4;Castellón;3.658;742;4
205774224;;Iberdrola;;39,2142218;-1,0545341;39.2142218;-1.0545341;subestacion;;;False;0;243.8;Valencia;2.361;109;5
205939525;;Adif;66000;39,6621877;-0,2527038;39.6621877;-0.2527038;subestacion;;;False;0;1943.1;Valencia;4.374;532;4
205939527;SET Sagunt Grau;;66000;39,6531447;-0,2238437;39.6531447;-0.2238437;subestacion;;;False;0;1402.6;Valencia;4.343;280;6
206495188;;;;38,8895229;-0,0829457;38.8895229;-0.0829457;subestacion;;;False;0;232.0;Valencia;4.333;21;7
210116384;;;;38,3990773;-0,4295185;38.3990773;-0.4295185;subestacion;;;False;0;1547.1;Alicante;3.933;18;8
210394732;SET Alcalá de Xivert;;"132000;20000";40,3056048;0,2296576;40.3056048;0.2296576;subestacion;;;False;0;187.4;Castellón;4.829;416;2
213582467;;;;39,4707584;-0,610242;39.4707584;-0.610242;subestacion;;;False;0;1094.5;Valencia;4.119;27;6
213867814;;;;39,4700874;-0,6108145;39.4700874;-0.6108145;subestacion;;;False;0;1176.8;Valencia;4.119;27;6
216269642;SET Massanassa;;"132000;20000";39,4031624;-0,3761073;39.4031624;-0.3761073;subestacion;;6.0;True;1;0.0;Valencia;4.105;717;4
216853020;Subestación de Silla;Iberdrola;"132000;66000;20000";39,3592864;-0,4037669;39.3592864;-0.4037669;subestacion;;;False;0;536.0;Valencia;4.19;373;6
225592052;Las Viñas;Iberdrola;"66000;20000";39,2576776;-0,9457312;39.2576776;-0.9457312;subestacion;;;False;0;7722.0;Valencia;4.325;247;5
227206832;Tuejár;Iberdrola;66000;39,7760896;-1,0568867;39.7760896;-1.0568867;subestacion;;;False;0;889.4;Valencia;4.417;140;5
228983583;Losa de Obispo;Iberdrola;"66000;20000";39,6933419;-0,8672361;39.6933419;-0.8672361;subestacion;;;False;0;1650.8;Valencia;4.293;184;5
228983585;Chulilla;Iberdrola;66000;39,6357713;-0,8772845;39.6357713;-0.8772845;subestacion;;;False;0;27.3;Valencia;2.651;171;5
229060976;Gestalgar;Iberdrola;66000;39,6046458;-0,7952443;39.6046458;-0.7952443;subestacion;;2.0;True;5;0.0;Valencia;3.716;44;5
231695159;Subestación Elda - Renfe;;66000;38,4839635;-0,8013931;38.4839635;-0.8013931;subestacion;;;False;0;243.8;Alicante;4.421;111;8
234787100;CT2;;;38,7493629;-0,5521514;38.7493629;-0.5521514;subestacion;;;False;0;2627.0;Valencia;3.891;28;8
245007624;;;;38,8306836;0,0655944;38.8306836;0.0655944;subestacion;;;False;0;1778.5;Alicante;4.529;209;7
251218310;;;;39,940382;-1,0637758;39.940382;-1.0637758;subestacion;;;False;0;5185.3;Valencia;3.849;0;5
253240032;Subestación La Yesa;;132000;39,9229676;-0,9410349;39.9229676;-0.9410349;subestacion;;;False;0;3537.8;Valencia;4.922;46;5
256017783;SET Vergel;Iberdrola;"132000;66000;20000";38,8504374;0,003847;38.8504374;0.003847;subestacion;;6.0;True;1;0.0;Alicante;4.455;177;7
261594435;Subestación de Valldigna;"Red Eléctrica de España;Iberdrola";"220000;20000";39,0609302;-0,279152;39.0609302;-0.279152;subestacion;;5.0;True;2;0.0;Valencia;3.225;94;6
263943736;SET Castello de Rugat;;"66000;20000";38,8680739;-0,391457;38.8680739;-0.391457;subestacion;;;False;0;1561.1;Valencia;3.1;44;6
265408693;Cortes II;Iberdrola;400000;39,2627061;-0,9190459;39.2627061;-0.9190459;subestacion;;;False;0;5924.9;Valencia;3.009;267;5
267063580;;;;38,3462931;-0,7683775;38.3462931;-0.7683775;subestacion;;;False;0;187.3;Alicante;4.921;21;8
272047820;;Iberdrola;132000;38,9974711;-0,5796466;38.9974711;-0.5796466;subestacion;;;False;0;2115.6;Valencia;3.16;150;6
272395304;SET Jávea;Iberdrola;"132000;20000";38,7783661;0,1303361;38.7783661;0.1303361;subestacion;;;False;0;143.9;Alicante;5.14;61;7
274822934;;;;38,4761882;-0,7818057;38.4761882;-0.7818057;subestacion;;;False;0;218.9;Alicante;4.45;123;8
276368354;;;;38,4783866;-0,7712245;38.4783866;-0.7712245;subestacion;;;False;0;442.5;Alicante;4.498;120;8
277119989;;;;38,4818469;-0,7684122;38.4818469;-0.7684122;subestacion;;;False;0;388.7;Alicante;4.505;119;8
278355891;;;;38,4692797;-0,7747395;38.4692797;-0.7747395;subestacion;;;False;0;384.9;Alicante;4.579;113;8
280015243;;;;38,4661731;-0,7745534;38.4661731;-0.7745534;subestacion;;;False;0;723.6;Alicante;4.738;111;8
280015244;;;;38,472876;-0,7702233;38.472876;-0.7702233;subestacion;;;False;0;130.8;Alicante;4.597;114;8
280015245;;;;38,4707231;-0,7722335;38.4707231;-0.7722335;subestacion;;;False;0;249.0;Alicante;4.536;114;8
280015246;;;;38,4695135;-0,7666415;38.4695135;-0.7666415;subestacion;;;False;0;592.8;Alicante;4.78;110;8
290064982;ST Nou Moles;"REE;Iberdrola";"220000;20000";39,4714225;-0,3943206;39.4714225;-0.3943206;subestacion;;;False;0;433.9;Valencia;3.783;410;6
294535871;ST Los Cantos;;"66000;20000";40,1184926;-0,6088768;40.1184926;-0.6088768;subestacion;;;False;0;4949.6;Castellón;2.318;92;1
296949529;;;;38,1911879;-0,5878403;38.1911879;-0.5878403;subestacion;;;False;0;225.6;Alicante;4.798;10;8
297520664;Contreras;Iberdrola;132000;39,5406003;-1,503337;39.5406003;-1.503337;subestacion;;;False;0;145.7;Valencia;3.524;169;5
299287342;Subestación de Gandia;i-DE;"220000;132000";38,9824395;-0,1852581;38.9824395;-0.1852581;subestacion;;;False;0;394.2;Valencia;3.452;80;7
302990756;;;;38,8155801;0,0209902;38.8155801;0.0209902;subestacion;;;False;0;228.8;Alicante;4.363;212;7
303029331;;;;38,9577237;-0,9016627;38.9577237;-0.9016627;subestacion;;;False;0;13507.3;Valencia;6.14;28;5
303332167;SET Barxell;Iberdrola;"132000;20000";38,6820061;-0,4937824;38.6820061;-0.4937824;subestacion;;;False;0;812.9;Alicante;2.92;198;8
303721390;;;;38,794894;-0,0079626;38.794894;-0.0079626;subestacion;;;False;0;590.0;Alicante;5.164;53;7
306242306;;;;39,840505;-0,4751909;39.840505;-0.4751909;subestacion;;;False;0;51.5;Castellón;3.583;564;4
308038879;SET Benidorm;Iberdrola;"132000;66000;20000";38,5331728;-0,169595;38.5331728;-0.169595;subestacion;;;False;0;67.2;Alicante;4.082;110;7
310668392;;Iberdrola;;39,5852642;-0,5413089;39.5852642;-0.5413089;subestacion;;;False;0;751.1;Valencia;3.651;246;6
311039029;;;;38,8406898;-0,5206146;38.8406898;-0.5206146;subestacion;;;False;0;294.6;Valencia;3.324;65;6
311171004;;;;38,8387678;-0,515766;38.8387678;-0.515766;subestacion;;;False;0;37.2;Valencia;2.801;61;6
318256630;;;;40,4775105;0,4685105;40.4775105;0.4685105;subestacion;;;False;0;24.3;Castellón;4.604;222;2
319272158;;;;40,558807;0,368457;40.558807;0.368457;subestacion;;;False;0;2096.1;Castellón;4.741;83;2
319272159;;;;40,518277;0,3137099;40.518277;0.3137099;subestacion;;;False;0;182.0;Castellón;5.46;199;2
322259605;;;;38,8343923;0,1102369;38.8343923;0.1102369;subestacion;;6.0;True;1;0.0;Alicante;4.607;100;7
324616949;;;;38,529763;-0,7465358;38.529763;-0.7465358;subestacion;;;False;0;4999.9;Alicante;3.667;62;8
333368504;;;;38,4923852;-0,7852413;38.4923852;-0.7852413;subestacion;;1.0;True;6;0.0;Alicante;4.145;119;8
343867768;Alcudia;Iberdrola;"132000;66000;20000";38,9669434;-0,6107023;38.9669434;-0.6107023;subestacion;;;False;0;815.8;Valencia;3.543;195;6
353639314;SET Teulada;;"132000;20000";38,7373645;0,0944632;38.7373645;0.0944632;subestacion;;;False;0;2638.5;Alicante;4.627;77;7
370315035;F. Higuera;Iberdrola;66000;38,8233735;-0,8947512;38.8233735;-0.8947512;subestacion;;;False;0;90.5;Valencia;4.227;102;8
370332026;SET Rabassa;;"132000;20000";38,3571317;-0,5162237;38.3571317;-0.5162237;subestacion;;;False;0;1434.9;Alicante;4.223;103;8
370409950;;;;38,8452657;-0,519846;38.8452657;-0.519846;subestacion;;;False;0;12.8;Valencia;3.034;62;6
371336052;;;;38,6424267;0,0455738;38.6424267;0.0455738;subestacion;;;False;0;377.1;Alicante;5.545;38;7
371345874;;;;38,6414642;0,0429384;38.6414642;0.0429384;subestacion;;;False;0;630.0;Alicante;5.931;38;7
371538352;;;;38,6397186;0,0410429;38.6397186;0.0410429;subestacion;;;False;0;864.7;Alicante;5.1;38;7
373890861;;;;38,6402407;0,0408961;38.6402407;0.0408961;subestacion;;;False;0;848.4;Alicante;5.1;38;7
374601524;;;;38,6427351;0,0585381;38.6427351;0.0585381;subestacion;;;False;0;311.6;Alicante;5.317;36;7
374668789;;;;38,6421362;0,0619651;38.6421362;0.0619651;subestacion;;;False;0;45.8;Alicante;5.357;35;7
375059943;;;;38,6418236;0,0683712;38.6418236;0.0683712;subestacion;;;False;0;27.1;Alicante;5.391;34;7
375126078;;;;38,641401;0,0713804;38.641401;0.0713804;subestacion;;;False;0;136.8;Alicante;5.358;32;7
375339032;Subestación Tranformadora Dénia;Iberdrola;"20000;132000";38,8487302;0,0494535;38.8487302;0.0494535;subestacion;;;False;0;458.1;Alicante;4.805;246;7
375836232;;;;38,6501281;0,0760357;38.6501281;0.0760357;subestacion;;;False;0;372.4;Alicante;5.151;27;7
376071729;;;;38,6507443;0,0749804;38.6507443;0.0749804;subestacion;;;False;0;313.5;Alicante;5.151;29;7
376071730;;;;38,6508116;0,0749544;38.6508116;0.0749544;subestacion;;;False;0;315.3;Alicante;5.151;29;7
376688584;;;;38,647326;0,0535214;38.647326;0.0535214;subestacion;;;False;0;34.0;Alicante;5.019;39;7
376807007;;;;38,647132;0,0468925;38.647132;0.0468925;subestacion;;;False;0;131.3;Alicante;4.903;39;7
377520170;;;;38,6410751;0,0380334;38.6410751;0.0380334;subestacion;;;False;0;1045.2;Alicante;4.874;38;7
377578747;;;;38,6393304;0,039299;38.6393304;0.039299;subestacion;;;False;0;1018.4;Alicante;5.1;38;7
377578748;;;;38,6393935;0,0393512;38.6393935;0.0393512;subestacion;;;False;0;1011.1;Alicante;5.1;38;7
377709127;SET Terra Mitica;;"132000;20000";38,5746238;-0,1493816;38.5746238;-0.1493816;subestacion;;;False;0;2645.1;Alicante;4.399;199;7
377831211;;;;38,6414418;0,0361349;38.6414418;0.0361349;subestacion;;;False;0;1188.0;Alicante;4.796;38;7
378458563;;;;38,6398276;0,0348711;38.6398276;0.0348711;subestacion;;;False;0;1351.5;Alicante;4.866;38;7
382826550;;;;38,6459176;0,0628256;38.6459176;0.0628256;subestacion;;;False;0;104.3;Alicante;5.22;37;7
383416884;;;;38,6521159;0,0697853;38.6521159;0.0697853;subestacion;;;False;0;253.1;Alicante;5.005;36;7
384554326;;;;38,6370476;0,0344096;38.6370476;0.0344096;subestacion;;;False;0;1513.7;Alicante;4.65;37;7
385313026;;;;39,3153563;-0,4952811;39.3153563;-0.4952811;subestacion;;;False;0;2449.9;Valencia;4.12;66;6
386018749;;;;38,6504544;0,0516958;38.6504544;0.0516958;subestacion;;;False;0;136.4;Alicante;4.975;39;7
387873743;;;;38,0049423;-0,6734149;38.0049423;-0.6734149;subestacion;;;False;0;1509.4;Alicante;5.271;152;8
394471471;;;;38,8489855;-0,1616918;38.8489855;-0.1616918;subestacion;;;False;0;2735.7;Alicante;3.791;1;7
395100088;SET Ontinyent;;"132000;66000;20000";38,8049165;-0,6125664;38.8049165;-0.6125664;subestacion;;;False;0;726.8;Valencia;3.636;114;8
397412044;;;;38,7838405;-0,0101674;38.7838405;-0.0101674;subestacion;;;False;0;1580.7;Alicante;4.721;32;7
399678737;;;;37,8967602;-0,8306471;37.8967602;-0.8306471;subestacion;;;False;0;5278.4;Alicante;4.893;251;8
405901610;SET Villarreal (Vila Real);Iberdrola;"66000;20000";39,9435897;-0,1151185;39.9435897;-0.1151185;subestacion;;;False;0;247.5;Castellón;3.432;1136;3
407698342;Liria;Iberdrola;66000;39,6351162;-0,5881662;39.6351162;-0.5881662;subestacion;;;False;0;1653.8;Valencia;3.631;182;6
412425096;;;;38,6488734;0,0620725;38.6488734;0.0620725;subestacion;;;False;0;363.4;Alicante;5.111;36;7
416509281;Subestación Olleria;Iberdrola;"132000;20000";38,9025855;-0,5253509;38.9025855;-0.5253509;subestacion;;;False;0;836.1;Valencia;3.463;155;6
416581223;Moixent;Iberdrola;132000;38,8888853;-0,7527922;38.8888853;-0.7527922;subestacion;;;False;0;1226.7;Valencia;3.813;58;8
418912905;;;"66000;3000";38,9637836;-0,5695403;38.9637836;-0.5695403;subestacion;;;False;0;163.4;Valencia;2.838;159;6
421990994;La Pia;;66000;39,604973;-0,6785241;39.604973;-0.6785241;subestacion;;2.0;True;5;0.0;Valencia;3.609;123;6
423293702;;;;38,6511188;0,067005;38.6511188;0.067005;subestacion;;;False;0;227.9;Alicante;5.086;36;7
423924866;Subestaciò Electrica;;;38,9282217;-0,1090689;38.9282217;-0.1090689;subestacion;;;False;0;971.8;Valencia;4.166;25;7
425258187;;;;38,6556559;0,0762386;38.6556559;0.0762386;subestacion;;;False;0;797.5;Alicante;5.018;29;7
426637432;;;;38,6397108;0,0306562;38.6397108;0.0306562;subestacion;;;False;0;1701.2;Alicante;4.821;38;7
427336337;;;;38,6436309;0,0320254;38.6436309;0.0320254;subestacion;;;False;0;1468.7;Alicante;4.464;40;7
427453396;SET Paterna;Iberdrola;"132000;66000;20000";39,516643;-0,4772193;39.516643;-0.4772193;subestacion;;;False;0;498.6;Valencia;3.868;911;4
427453434;;;;39,5186326;-0,5060769;39.5186326;-0.5060769;subestacion;;1.0;True;6;0.0;Valencia;3.345;837;4
427453437;SET Llano de Quart;;"66000;20000";39,472132;-0,5200689;39.472132;-0.5200689;subestacion;;;False;0;169.5;Valencia;3.819;265;6
429563882;;;;38,6580523;0,0558273;38.6580523;0.0558273;subestacion;;;False;0;649.6;Alicante;4.68;40;7
430286573;;;;38,655232;0,0580214;38.655232;0.0580214;subestacion;;;False;0;434.1;Alicante;5.014;39;7
435935458;;;;40,3588707;0,2936914;40.3588707;0.2936914;subestacion;;;False;0;451.3;Castellón;4.165;217;2
438254987;;;;38,0685233;-0,8510733;38.0685233;-0.8510733;subestacion;;;False;0;79.6;Alicante;3.998;131;8
445244866;;;;38,193117;-0,5833527;38.193117;-0.5833527;subestacion;;;False;0;234.0;Alicante;4.795;10;8
445989313;Subestación de Novelda;;220000;38,374537;-0,7568758;38.374537;-0.7568758;subestacion;;;False;0;660.0;Alicante;4.856;34;8
447333266;Subestación Villena;Iberdrola;"132000;66000;20000";38,6349121;-0,8868615;38.6349121;-0.8868615;subestacion;;;False;0;793.4;Alicante;4.16;146;8
451628784;SET La Nucia;;"132000;20000";38,6087552;-0,0832152;38.6087552;-0.0832152;subestacion;;;False;0;1608.4;Alicante;4.653;77;7
458279851;;;;38,6136901;-0,1079838;38.6136901;-0.1079838;subestacion;;;False;0;2803.6;Alicante;4.598;85;7
475664071;Cementos II;Iberdrola;66000;39,4401239;-0,774002;39.4401239;-0.774002;subestacion;;;False;0;399.3;Valencia;4.317;236;5
476308876;Utiel;Iberdrola;"132000;66000;20000";39,5606304;-1,2185488;39.5606304;-1.2185488;subestacion;;;False;0;604.6;Valencia;4.696;194;5
478449588;SET Masalfasar (Massalfassar);;"66000;20000";39,5483017;-0,3078384;39.5483017;-0.3078384;subestacion;;;False;0;547.6;Valencia;4.376;192;6
481577728;;;;40,0676449;0,1201005;40.0676449;0.1201005;subestacion;;;False;0;2371.7;Castellón;4.607;350;2
487169897;;;;40,0169092;-0,2778282;40.0169092;-0.2778282;subestacion;;;False;0;419.7;Castellón;2.894;260;1
489836466;;;;39,1260735;-0,6409999;39.1260735;-0.6409999;subestacion;;;False;0;321.5;Valencia;2.968;48;6
496199120;SET Borriana / Burriana;;"66000;20000";39,8899914;-0,0979557;39.8899914;-0.0979557;subestacion;;;False;0;830.1;Castellón;3.644;565;2
502982128;SET Viveros;;"220000;66000;20000";39,483041;-0,3687563;39.483041;-0.3687563;subestacion;;;False;0;484.3;Valencia;3.893;313;6
505825746;;;;38,6553965;0,0660334;38.6553965;0.0660334;subestacion;;;False;0;669.0;Alicante;5.321;37;7
510510951;;;;38,6339868;0,0305568;38.6339868;0.0305568;subestacion;;;False;0;1974.2;Alicante;4.471;36;7
516613938;;;;38,2863376;-0,5213191;38.2863376;-0.5213191;subestacion;;;False;0;72.8;Alicante;4.529;15;8
517628909;;;;38,2847302;-0,5216883;38.2847302;-0.5216883;subestacion;;;False;0;65.7;Alicante;4.532;13;8
534907215;;;;39,7973736;-0,9060673;39.7973736;-0.9060673;subestacion;;;False;0;5401.2;Valencia;7.091;34;5
537786179;;;;38,6908558;-0,9165207;38.6908558;-0.9165207;subestacion;;;False;0;170.5;Alicante;4.425;117;8
547481869;SET Alcoy;Iberdrola;"132000;66000;20000";38,7066334;-0,4814858;38.7066334;-0.4814858;subestacion;;;False;0;718.6;Alicante;3.548;190;8
552181500;;;;38,0957849;-0,6611484;38.0957849;-0.6611484;subestacion;;2.0;True;5;0.0;Alicante;4.859;285;8
552181504;;;;38,0968833;-0,6572556;38.0968833;-0.6572556;subestacion;;;False;0;3.7;Alicante;4.722;265;8
553493776;;Adif;"66000;3000";38,8453586;-0,8394983;38.8453586;-0.8394983;subestacion;;;False;0;110.1;Valencia;3.835;129;8
562260306;;;;38,503107;-0,2344549;38.503107;-0.2344549;subestacion;;;False;0;24.6;Alicante;4.12;7;7
583151114;;;;39,1477084;-0,4273794;39.1477084;-0.4273794;subestacion;;2.0;True;5;0.0;Valencia;3.244;279;6
584796202;;;;39,632764;-0,596934;39.632764;-0.596934;subestacion;;;False;0;866.6;Valencia;3.706;180;6
609401545;SET Almussafes;Iberdrola;"66000;20000";39,2910198;-0,4178865;39.2910198;-0.4178865;subestacion;;;False;0;144.8;Valencia;4.083;180;6
619522697;SET Castalla;Iberdrola;"132000;20000";38,603781;-0,674633;38.603781;-0.674633;subestacion;;;False;0;474.2;Alicante;4.944;40;8
641310817;;;;39,4432324;-0,6719168;39.4432324;-0.6719168;subestacion;;;False;0;2549.4;Valencia;3.947;84;6
659465787;Cimentos I;;66000;39,4295316;-0,7926625;39.4295316;-0.7926625;subestacion;;;False;0;2342.8;Valencia;4.938;245;5
679403524;;;;39,4938411;-0,3772929;39.4938411;-0.3772929;subestacion;;;False;0;1024.2;Valencia;4.03;341;6
682361985;;;;38,0885826;-0,9219616;38.0885826;-0.9219616;subestacion;;2.0;True;5;0.0;Alicante;3.65;81;8
684774618;;;;38,0866748;-0,9278914;38.0866748;-0.9278914;subestacion;;2.0;True;5;0.0;Alicante;3.648;78;8
687926112;;;;37,9814771;-0,7957533;37.9814771;-0.7957533;subestacion;;;False;0;4086.7;Alicante;4.754;292;8
700566221;;;;38,224147;-0,7804806;38.224147;-0.7804806;subestacion;;;False;0;772.1;Alicante;3.993;90;8
713143707;SET Santa Pola;;"66000;20000";38,2183282;-0,5554812;38.2183282;-0.5554812;subestacion;;;False;0;1952.8;Alicante;4.385;10;8
715198218;;;;38,845432;-0,1103998;38.845432;-0.1103998;subestacion;;;False;0;861.1;Alicante;3.555;0;7
729485840;Subestación Torremendo;Iberdrola Distribución Eléctrica;"400000;220000";37,9634464;-0,8968645;37.9634464;-0.8968645;subestacion;;;False;0;10803.8;Alicante;5.144;37;8
732442284;Transformador;;;40,2454829;-0,2869631;40.2454829;-0.2869631;subestacion;;;False;0;4564.2;Castellón;4.914;158;1
753621482;;;;39,6488011;-0,8841972;39.6488011;-0.8841972;subestacion;;;False;0;418.7;Valencia;4.672;217;5
754986877;Subestació elèctrica de Patraix;Iberdrola;;39,4554991;-0,3916972;39.4554991;-0.3916972;subestacion;;;False;0;1445.3;Valencia;3.893;528;4
759394170;;;;40,0194951;-0,2796053;40.0194951;-0.2796053;subestacion;;;False;0;689.0;Castellón;2.784;268;1
761787323;;;;38,0533258;-0,6865967;38.0533258;-0.6865967;subestacion;;;False;0;566.6;Alicante;4.701;471;8
762339651;;;;39,6520714;-0,2246712;39.6520714;-0.2246712;subestacion;;;False;0;1540.1;Valencia;4.343;275;6
766872601;;;;38,9303803;-0,2608099;38.9303803;-0.2608099;subestacion;;;False;0;51.4;Valencia;3.061;2;7
772424686;;;;38,9320131;-0,2540566;38.9320131;-0.2540566;subestacion;;;False;0;447.6;Valencia;3.683;2;7
772425847;;;;38,9340588;-0,2557154;38.9340588;-0.2557154;subestacion;;;False;0;181.3;Valencia;3.375;2;7
777902448;;;;40,1184619;-0,0530324;40.1184619;-0.0530324;subestacion;;;False;0;783.8;Castellón;3.124;317;2
789683722;SET Quart;Red Eléctrica de España;220000;39,4805254;-0,5266091;39.4805254;-0.5266091;subestacion;;3.0;True;4;0.0;Valencia;3.727;290;6
789683723;SET El Oliveral;Iberdrola;"132000;20000";39,4807601;-0,5273891;39.4807601;-0.5273891;subestacion;;3.0;True;4;0.0;Valencia;3.727;289;6
798109191;;;;40,4282932;-0,2500802;40.4282932;-0.2500802;subestacion;;;False;0;6023.5;Castellón;7.821;173;1
799310221;;;;40,4307057;-0,251974;40.4307057;-0.251974;subestacion;;;False;0;6113.0;Castellón;7.223;170;1
799356857;;;;40,4331153;-0,2497455;40.4331153;-0.2497455;subestacion;;;False;0;5872.9;Castellón;7.267;176;1
799356859;;;;40,4331549;-0,2494625;40.4331549;-0.2494625;subestacion;;;False;0;5848.5;Castellón;7.267;176;1
824489349;;;;40,1238048;0,1573967;40.1238048;0.1573967;subestacion;;;False;0;1528.1;Castellón;4.189;406;2
827538474;;;;38,9675136;-0,1515148;38.9675136;-0.1515148;subestacion;;;False;0;1438.1;Valencia;4.081;73;7
831749563;;;;38,6544152;0,0311686;38.6544152;0.0311686;subestacion;;;False;0;1125.6;Alicante;5.302;41;7
845179231;;Iberdrola;400000;38,56188;-0,8619021;38.56188;-0.8619021;subestacion;;;False;0;1126.8;Alicante;4.571;73;8
868360294;;;;38,4936468;-0,7995219;38.4936468;-0.7995219;subestacion;;;False;0;431.5;Alicante;4.567;115;8
872952391;Subestación Torrevieja;Iberdrola Distribución Eléctrica;"220000;20000";37,9740604;-0,6999106;37.9740604;-0.6999106;subestacion;;;False;0;115.4;Alicante;5.578;211;8
893300473;;;;40,3383231;-0,1649181;40.3383231;-0.1649181;subestacion;;;False;0;7199.8;Castellón;6.614;348;1
900544681;;;;38,5002393;-0,8088044;38.5002393;-0.8088044;subestacion;;;False;0;534.8;Alicante;4.617;114;8
921541546;La Muela II;;400000;39,2438023;-0,9316952;39.2438023;-0.9316952;subestacion;;;False;0;7804.7;Valencia;2.125;220;5
956969495;;;;38,4986531;-0,7003655;38.4986531;-0.7003655;subestacion;;;False;0;5639.4;Alicante;3.794;17;8
958038757;;;;38,6850604;-0,4730205;38.6850604;-0.4730205;subestacion;;;False;0;378.8;Alicante;4.047;202;8
963406424;;Electra Valenciana S. A.;;39,4590418;-0,3691937;39.4590418;-0.3691937;subestacion;;;False;0;834.3;Valencia;3.979;330;6
967632943;Subestación eléctrica Sanxo Llop;;;38,9707183;-0,1678929;38.9707183;-0.1678929;subestacion;;;False;0;304.5;Valencia;3.836;72;7
972191097;CT LOS POMARES (ROM);Iberdrola;;38,3508801;-0,8934632;38.3508801;-0.8934632;subestacion;;6.0;True;1;0.0;Alicante;5.41;23;8
977211056;;;;38,7036143;-0,6342459;38.7036143;-0.6342459;subestacion;;;False;0;950.2;Valencia;3.692;23;8
977316466;;;;38,6943346;-0,6352411;38.6943346;-0.6352411;subestacion;;;False;0;1497.5;Alicante;3.592;25;8
991536125;;;;38,9312876;-0,099639;38.9312876;-0.099639;subestacion;;;False;0;941.1;Valencia;4.456;25;7
1003742277;;;;38,8479765;-0,1487876;38.8479765;-0.1487876;subestacion;;;False;0;2685.2;Alicante;3.169;1;7
1004688785;;;;40,130065;0,1547827;40.130065;0.1547827;subestacion;;;False;0;1074.0;Castellón;4.208;404;2
1004688805;;;;40,131256;0,1553341;40.131256;0.1553341;subestacion;;;False;0;952.7;Castellón;4.211;399;2
1005654416;;;;38,852442;-0,1589336;38.852442;-0.1589336;subestacion;;;False;0;2294.8;Alicante;3.226;1;7
1011349458;;;;38,7586433;-0,0396097;38.7586433;-0.0396097;subestacion;;;False;0;930.2;Alicante;4.056;5;7
1013850205;CT Hortes-2;;;38,8203109;0,0054971;38.8203109;0.0054971;subestacion;;6.0;True;1;0.0;Alicante;4.258;215;7
1013850206;;;;38,820633;0,0061373;38.820633;0.0061373;subestacion;;6.0;True;1;0.0;Alicante;4.258;216;7
1013850464;;;;38,8207361;0,004142;38.8207361;0.004142;subestacion;;6.0;True;1;0.0;Alicante;4.258;211;7
1014956327;;;;38,7544309;-0,0485317;38.7544309;-0.0485317;subestacion;;;False;0;213.9;Alicante;4.132;4;7
1017222469;;;;38,597611;-0,0539097;38.597611;-0.0539097;subestacion;;;False;0;814.5;Alicante;5.075;59;7
1020712341;;;;38,8208187;-0,0072397;38.8208187;-0.0072397;subestacion;;;False;0;187.2;Alicante;3.982;188;7
1027465330;;;;39,4411836;-0,3726584;39.4411836;-0.3726584;subestacion;;;False;0;502.9;Valencia;4.071;429;4
1031628365;;;"20000;400";40,4441241;-0,2716403;40.4441241;-0.2716403;subestacion;;;False;0;7594.2;Castellón;6.483;160;1
1037767632;;;;40,0171649;-0,2781943;40.0171649;-0.2781943;subestacion;;;False;0;440.8;Castellón;2.894;258;1
1039043344;;;;38,8521059;0,0076128;38.8521059;0.0076128;subestacion;;;False;0;60.6;Alicante;4.546;179;7
1039138075;;;;38,8606616;0,0130788;38.8606616;0.0130788;subestacion;;;False;0;66.3;Alicante;4.813;172;7
1039701692;;;;38,8494636;0,019519;38.8494636;0.019519;subestacion;;6.0;True;1;0.0;Alicante;4.614;202;7
1044085700;;;;38,8624449;0,020029;38.8624449;0.020029;subestacion;;6.0;True;1;0.0;Alicante;5.047;175;7
1044596455;;;;38,8404438;0,0976244;38.8404438;0.0976244;subestacion;;;False;0;235.4;Alicante;4.823;109;7
1049742403;;;;38,8523934;0,0240459;38.8523934;0.0240459;subestacion;;6.0;True;1;0.0;Alicante;4.741;204;7
1050282401;;;;38,8510074;0,0096443;38.8510074;0.0096443;subestacion;;;False;0;19.2;Alicante;4.533;184;7
1052488549;;;;38,8291988;0,1306633;38.8291988;0.1306633;subestacion;;;False;0;1186.6;Alicante;5.043;83;7
1065151163;;;;38,6980804;-0,4872492;38.6980804;-0.4872492;subestacion;;;False;0;452.5;Alicante;3.31;191;8
1069271937;;;;38,7094832;-0,466019;38.7094832;-0.466019;subestacion;;;False;0;512.2;Alicante;3.695;207;8
1071786942;;;;38,8359141;0,09247;38.8359141;0.09247;subestacion;;;False;0;235.1;Alicante;4.541;115;7
1073035049;;;;38,8478621;0,0280615;38.8478621;0.0280615;subestacion;;;False;0;19.4;Alicante;4.633;213;7
1073056223;;;;38,8465264;0,0173929;38.8465264;0.0173929;subestacion;;6.0;True;1;0.0;Alicante;4.518;207;7
1074934402;;;;38,0150554;-0,6858992;38.0150554;-0.6858992;subestacion;;;False;0;825.4;Alicante;5.201;253;8
1076159192;;;;38,0143977;-0,6974529;38.0143977;-0.6974529;subestacion;;;False;0;401.8;Alicante;5.217;349;8
1079212980;;;;38,8916466;-0,0486691;38.8916466;-0.0486691;subestacion;;;False;0;71.8;Valencia;4.774;23;7
1079213483;;;;38,8917022;-0,0462905;38.8917022;-0.0462905;subestacion;;;False;0;211.0;Valencia;4.774;24;7
1099759141;SET Ibi;Iberdrola;"132000;66000;20000";38,6123803;-0,5877872;38.6123803;-0.5877872;subestacion;;;False;0;692.2;Alicante;4.455;65;8
1100706857;;;;38,8536728;-0,4456963;38.8536728;-0.4456963;subestacion;;;False;0;2516.5;Valencia;3.368;47;6
1102144773;;;;39,4163849;-0,3987905;39.4163849;-0.3987905;subestacion;;;False;0;411.0;Valencia;4.187;733;4
1106299641;;;;39,4561948;-0,3472794;39.4561948;-0.3472794;subestacion;;;False;0;87.7;Valencia;3.869;269;6
1108033064;;;;38,8325868;0,1160848;38.8325868;0.1160848;subestacion;;;False;0;330.4;Alicante;4.56;92;7
1108063594;;;;38,838825;0,1030802;38.838825;0.1030802;subestacion;;;False;0;26.8;Alicante;5.004;103;7
1109136409;;;;38,7986506;0,0449672;38.7986506;0.0449672;subestacion;;;False;0;841.0;Alicante;4.201;116;7
1121246039;;;;38,9925421;-0,1670253;38.9925421;-0.1670253;subestacion;;;False;0;262.8;Valencia;4.14;74;7
1124884934;;;;39,9697698;-0,2640051;39.9697698;-0.2640051;subestacion;;;False;0;1130.7;Castellón;3.617;387;1
1125302160;;;;38,8176915;0,0201711;38.8176915;0.0201711;subestacion;;;False;0;173.4;Alicante;4.37;218;7
1125424855;;;;38,8193514;0,0176596;38.8193514;0.0176596;subestacion;;;False;0;85.8;Alicante;4.387;223;7
1125424856;;;;38,8185874;0,0189703;38.8185874;0.0189703;subestacion;;;False;0;136.9;Alicante;4.37;221;7
1125424857;;;;38,8198337;0,0167074;38.8198337;0.0167074;subestacion;;;False;0;45.3;Alicante;4.387;223;7
1125424858;;;;38,8210263;0,0153718;38.8210263;0.0153718;subestacion;;6.0;True;1;0.0;Alicante;4.287;223;7
1125424859;;;;38,819565;0,0145266;38.819565;0.0145266;subestacion;;6.0;True;1;0.0;Alicante;4.287;225;7
1125424860;;;;38,8188992;0,0156359;38.8188992;0.0156359;subestacion;;6.0;True;1;0.0;Alicante;4.287;223;7
1126598413;;;;38,6840229;-0,471517;38.6840229;-0.471517;subestacion;;;False;0;275.7;Alicante;4.047;203;8
1127376201;;;;38,8331704;0,1118581;38.8331704;0.1118581;subestacion;;6.0;True;1;0.0;Alicante;4.562;100;7
1127376202;;;;38,8334861;0,1115384;38.8334861;0.1115384;subestacion;;6.0;True;1;0.0;Alicante;4.562;100;7
1132592385;;;;38,8585029;-0,0010478;38.8585029;-0.0010478;subestacion;;;False;0;266.7;Alicante;4.587;165;7
1132592390;;;;38,8593477;-0,0003418;38.8593477;-0.0003418;subestacion;;;False;0;224.7;Alicante;4.619;165;7
1136970744;;;;38,8348293;0,0839052;38.8348293;0.0839052;subestacion;;;False;0;746.4;Alicante;4.686;125;7
1136970745;;;;38,8348145;0,0838525;38.8348145;0.0838525;subestacion;;;False;0;750.5;Alicante;4.686;125;7
1139067317;;;;38,619072;-0,5899087;38.619072;-0.5899087;subestacion;;;False;0;1048.3;Alicante;4.437;64;8
1140760522;;;;38,9233289;-0,1136411;38.9233289;-0.1136411;subestacion;;;False;0;796.4;Valencia;4.046;25;7
1140760523;;;;38,9232229;-0,1137005;38.9232229;-0.1137005;subestacion;;;False;0;792.6;Valencia;4.046;25;7
1149886610;;;;38,8176938;0,0198971;38.8176938;0.0198971;subestacion;;;False;0;153.4;Alicante;4.37;218;7
1159231386;;;;38,7983295;0,0864543;38.7983295;0.0864543;subestacion;;;False;0;2606.2;Alicante;4.718;157;7
1163972362;;;;39,0274114;-0,2142713;39.0274114;-0.2142713;subestacion;;;False;0;293.3;Valencia;3.779;53;7
1167188755;SET Fuente San Luis;"Red Eléctrica de España;Iberdrola";"220000;132000;20000";39,43923;-0,3734753;39.43923;-0.3734753;subestacion;;;False;0;278.9;Valencia;4.071;454;4
1169740285;Subestación Torrevieja;Iberdrola Distribución Eléctrica;"220000;20000";37,9736348;-0,6996374;37.9736348;-0.6996374;subestacion;;;False;0;167.6;Alicante;5.616;208;8
1175003123;;;20000:400;38,9488908;-0,4575019;38.9488908;-0.4575019;subestacion;;;False;0;1440.8;Valencia;3.022;313;6
1180013992;SET Parque Eólica Losilla;;132000;39,0295359;-1,1311395;39.0295359;-1.1311395;subestacion;;;False;0;3382.6;Valencia;6.417;23;5
1184331878;;;;37,9208941;-0,7334135;37.9208941;-0.7334135;subestacion;;;False;0;1842.7;Alicante;5.2;107;8
1191269658;SET d'Aqueria-Muro;;"66000;20000";38,7928671;-0,4234711;38.7928671;-0.4234711;subestacion;;;False;0;1477.6;Alicante;3.464;92;6
1203129733;;;;38,8995099;-0,0839515;38.8995099;-0.0839515;subestacion;;3.0;True;4;0.0;Valencia;4.438;31;7
1206584099;;;;38,8354999;0,0968036;38.8354999;0.0968036;subestacion;;;False;0;36.8;Alicante;4.518;111;7
1218710266;;;;38,9709198;-0,1538619;38.9709198;-0.1538619;subestacion;;;False;0;1063.1;Valencia;4.071;69;7
1218710270;;;;38,9748695;-0,1461899;38.9748695;-0.1461899;subestacion;;;False;0;1400.6;Valencia;4.279;67;7
1222459635;;;;39,901826;-0,0837933;39.901826;-0.0837933;subestacion;;;False;0;123.6;Castellón;3.71;642;2
1222459687;;;;39,9121528;-0,0883549;39.9121528;-0.0883549;subestacion;;;False;0;305.1;Castellón;3.672;892;3
1222499475;;;;39,9118848;-0,0328055;39.9118848;-0.0328055;subestacion;;2.0;True;5;0.0;Castellón;3.851;427;2
1225242630;;;;39,4382244;-0,4301181;39.4382244;-0.4301181;subestacion;;;False;0;269.7;Valencia;4.067;584;4
1228088131;;;;39,4364229;-0,4224343;39.4364229;-0.4224343;subestacion;;;False;0;150.0;Valencia;4.108;613;4
1232042599;;Adif;;38,7098403;-0,4693482;38.7098403;-0.4693482;subestacion;;;False;0;690.3;Alicante;3.59;201;8
1236330923;;;;39,2483922;-0,9277136;39.2483922;-0.9277136;subestacion;;;False;0;7262.5;Valencia;3.698;233;5
1236351096;Hervideros;;66000;39,231019;-1,0934077;39.231019;-1.0934077;subestacion;;;False;0;1128.0;Valencia;3.221;105;5
1236351102;;;;39,0694025;-1,0468363;39.0694025;-1.0468363;subestacion;;;False;0;1365.9;Valencia;3.722;102;5
1236353944;;;132000;39,2378265;-1,1320957;39.2378265;-1.1320957;subestacion;;;False;0;3270.2;Valencia;5.744;67;5
1236557052;Benagéber;Iberdrola;66000;39,7258218;-1,0989536;39.7258218;-1.0989536;subestacion;;;False;0;5229.8;Valencia;3.76;24;5
1236557055;Domenco;;66000;39,7044178;-0,9480428;39.7044178;-0.9480428;subestacion;;;False;0;908.3;Valencia;3.985;164;5
1236568590;Bulgara;;66000;39,6051874;-0,7841028;39.6051874;-0.7841028;subestacion;;2.0;True;5;0.0;Valencia;3.427;49;5
1237569116;;;;40,2941311;-0,2939918;40.2941311;-0.2939918;subestacion;;;False;0;521.6;Castellón;6.941;125;1
1240973268;;;;39,8667143;-0,1205626;39.8667143;-0.1205626;subestacion;;;False;0;1215.8;Castellón;3.662;485;2
1241022928;;;;39,8624615;-0,1410927;39.8624615;-0.1410927;subestacion;;;False;0;373.2;Castellón;3.529;525;2
1241022935;;;;39,8647573;-0,1418585;39.8647573;-0.1418585;subestacion;;;False;0;192.6;Castellón;3.535;527;2
1245346919;;;;39,4325254;-0,4284083;39.4325254;-0.4284083;subestacion;;;False;0;276.2;Valencia;4.153;602;4
1245359269;;;;39,434985;-0,4262962;39.434985;-0.4262962;subestacion;;;False;0;0.5;Valencia;3.998;604;4
1245359271;;;;39,4318206;-0,4225568;39.4318206;-0.4225568;subestacion;;;False;0;199.4;Valencia;4.071;668;4
1245359272;;;;39,4317969;-0,4224899;39.4317969;-0.4224899;subestacion;;;False;0;197.0;Valencia;4.071;670;4
1245359279;;;;39,4330084;-0,4260565;39.4330084;-0.4260565;subestacion;;;False;0;218.0;Valencia;3.998;622;4
1245361858;;;;39,4324296;-0,4239843;39.4324296;-0.4239843;subestacion;;;False;0;242.8;Valencia;3.998;647;4
1245917252;;;;39,4318031;-0,4354331;39.4318031;-0.4354331;subestacion;;;False;0;489.6;Valencia;4.07;578;4
1246088654;;;;39,4368622;-0,4268872;39.4368622;-0.4268872;subestacion;;;False;0;128.1;Valencia;4.125;584;4
1246468394;;;;39,4410288;-0,4250291;39.4410288;-0.4250291;subestacion;;;False;0;9.1;Valencia;4.172;572;4
1247759560;;;;39,4389237;-0,4351182;39.4389237;-0.4351182;subestacion;;;False;0;168.8;Valencia;4.08;577;4
1254058419;;;;39,4354177;-0,4401065;39.4354177;-0.4401065;subestacion;;;False;0;218.6;Valencia;4.14;582;4
1254299397;;;;39,4326431;-0,4205508;39.4326431;-0.4205508;subestacion;;;False;0;8.1;Valencia;3.916;675;4
1254966414;;;;39,8112723;-0,8874038;39.8112723;-0.8874038;subestacion;;;False;0;6415.5;Valencia;5.948;40;5
1255214323;;Adif;;39,5368427;-1,1706042;39.5368427;-1.1706042;subestacion;;;False;0;419.9;Valencia;4.96;120;5
1255217198;;;;39,492385;-1,0998314;39.492385;-1.0998314;subestacion;;;False;0;691.7;Valencia;4.527;186;5
1256133147;;;;39,2812766;-0,4221245;39.2812766;-0.4221245;subestacion;;;False;0;571.2;Valencia;4.043;172;6
1256133186;;;;39,2818865;-0,4211896;39.2818865;-0.4211896;subestacion;;;False;0;467.2;Valencia;3.98;174;6
1256688092;;;;39,2829684;-0,4195108;39.2829684;-0.4195108;subestacion;;;False;0;281.9;Valencia;3.98;175;6
1256941211;SET Central Hidroeléctrica de Cirat;;"132000;66000";40,0583603;-0,4491837;40.0583603;-0.4491837;subestacion;;;False;0;533.4;Castellón;1.812;279;1
1257234621;;;66000;39,9515604;-0,1722175;39.9515604;-0.1722175;subestacion;;;False;0;45.0;Castellón;3.464;662;2
1257367673;ST Alcalaten;;"132000;20000";40,0667845;-0,201451;40.0667845;-0.201451;subestacion;;;False;0;908.5;Castellón;2.83;622;2
1257368788;;;66000;40,0461924;-0,1747054;40.0461924;-0.1747054;subestacion;;;False;0;2168.1;Castellón;3.001;911;3
1257540996;SET Montebello;;"220000;132000;20000";38,5960121;-0,139549;38.5960121;-0.139549;subestacion;;;False;0;4246.8;Alicante;4.685;176;7
1257548380;Edificio técnico A.V.E. Alicante;;;38,3515771;-0,5184168;38.3515771;-0.5184168;subestacion;;;False;0;1423.3;Alicante;4.117;62;8
1257548393;SET V Cemex;;132000;38,3783771;-0,5426008;38.3783771;-0.5426008;subestacion;;;False;0;617.0;Alicante;4.692;148;8
1257557294;SET Elx Sud (Elche Sur);;"132000;66000;20000";38,2541784;-0,7587643;38.2541784;-0.7587643;subestacion;;;False;0;724.6;Alicante;4.596;83;8
1257751872;SET Peñiscola;Iberdrola;"132000;20000";40,3829365;0,3912595;40.3829365;0.3912595;subestacion;;;False;0;315.1;Castellón;4.569;266;2
1257759944;;Adif;"66000;3000";40,1536547;0,1614812;40.1536547;0.1614812;subestacion;;;False;0;587.7;Castellón;4.044;442;2
1258716848;SET Villena (R);Adif;66000;38,6299148;-0,867305;38.6299148;-0.867305;subestacion;;;False;0;579.6;Alicante;4.007;128;8
1258743257;SET Alhorines;Iberdrola;132000;38,719344;-0,9239518;38.719344;-0.9239518;subestacion;;;False;0;2207.6;Alicante;4.902;113;8
1258743258;ST PV Alhorines;;;38,7611679;-0,9401666;38.7611679;-0.9401666;subestacion;;;False;0;800.6;Alicante;5.538;76;8
1258831837;STR Bañeres;;"66000;20000";38,7276456;-0,6911261;38.7276456;-0.6911261;subestacion;;;False;0;469.7;Alicante;4.194;163;8
1258841550;SET Alcira;"Red Eléctrica de España;Iberdrola";"220000;66000;20000";39,1496711;-0,457418;39.1496711;-0.457418;subestacion;;2.0;True;5;0.0;Valencia;3.228;272;6
1258994984;SET Benicull;;"220000;20000";39,1849455;-0,4023724;39.1849455;-0.4023724;subestacion;;4.0;True;3;0.0;Valencia;3.662;68;6
1258994988;SET Cullera;;"66000;20000";39,1810492;-0,2652617;39.1810492;-0.2652617;subestacion;;1.0;True;6;0.0;Valencia;4.343;44;6
1259000896;SET El Perelló;Iberdrola;"66000;20000";39,2516484;-0,2646253;39.2516484;-0.2646253;subestacion;;;False;0;236.1;Valencia;4.643;37;6
1259370155;ST Sagunto amplification (Sagunt);;"220000;20000";39,6732282;-0,2678002;39.6732282;-0.2678002;subestacion;;;False;0;652.4;Valencia;4.261;626;4
1259370160;;;;39,6726465;-0,2745945;39.6726465;-0.2745945;subestacion;;;False;0;926.8;Valencia;4.047;662;4
1259393061;;;66000;39,6645577;-0,2451216;39.6645577;-0.2451216;subestacion;;;False;0;1512.1;Valencia;4.349;496;4
1259434653;Torrente-ADIF;Adif;"400000;25000";39,4213635;-0,4511595;39.4213635;-0.4511595;subestacion;;;False;0;657.0;Valencia;4.146;532;4
1259492017;SET Cataroja;Hidroelectrica Española;66000;39,3978033;-0,3936729;39.3978033;-0.3936729;subestacion;;6.0;True;1;0.0;Valencia;4.143;695;4
1259492018;SET Purina;;66000;39,3822493;-0,3955663;39.3822493;-0.3955663;subestacion;;3.0;True;4;0.0;Valencia;4.151;570;4
1259494997;SET Picasent;;"132000;20000";39,3232082;-0,433059;39.3232082;-0.433059;subestacion;;;False;0;1466.9;Valencia;4.258;222;6
1259495003;SET Ford;;132000;39,3169678;-0,4169122;39.3169678;-0.4169122;subestacion;;;False;0;1234.7;Valencia;4.194;205;6
1259639286;ST Parque Central;"REE;Iberdrola";"220000;20000";39,4579847;-0,3825318;39.4579847;-0.3825318;subestacion;;;False;0;1958.9;Valencia;3.736;434;4
1259647172;;Adif;;39,4443056;-0,4965371;39.4443056;-0.4965371;subestacion;;;False;0;84.5;Valencia;3.997;463;4
1259647173;SET Aldaya;;"22000;20000";39,4519886;-0,4999649;39.4519886;-0.4999649;subestacion;;;False;0;541.1;Valencia;3.983;361;6
1259647174;Subestación Eléctrica de Aldaya;Red Eléctrica de España;220000;39,4517007;-0,5010973;39.4517007;-0.5010973;subestacion;;;False;0;466.3;Valencia;3.983;346;6
1272045304;;;;38,1169965;-0,7179572;38.1169965;-0.7179572;subestacion;;2.0;True;5;0.0;Alicante;4.333;137;8
1272045305;;;;38,1151433;-0,7185571;38.1151433;-0.7185571;subestacion;;2.0;True;5;0.0;Alicante;4.389;148;8
1272045306;;;;38,1135591;-0,7208756;38.1135591;-0.7208756;subestacion;;2.0;True;5;0.0;Alicante;4.397;154;8
1274362704;Centre de transformació elèctrica del Moratell;;;38,5281194;-0,5081626;38.5281194;-0.5081626;subestacion;;;False;0;5227.1;Alicante;4.864;78;8
1274687553;;;;39,282691;-0,4259276;39.282691;-0.4259276;subestacion;;;False;0;809.4;Valencia;4.151;173;6
1275049036;;;;40,6600255;0,0436423;40.6600255;0.0436423;subestacion;;;False;0;5696.3;Castellón;6.306;78;1
1278864373;;;400000;39,4601901;-0,9875924;39.4601901;-0.9875924;subestacion;;;False;0;358.6;Valencia;4.919;84;5
1279585314;Chiva;Iberdrola;"132000;20000";39,4742599;-0,679586;39.4742599;-0.679586;subestacion;;;False;0;1147.7;Valencia;4.199;65;6
1279585320;Cheste;Iberdrola;"132000;20000";39,4774602;-0,6791756;39.4774602;-0.6791756;subestacion;;;False;0;822.6;Valencia;4.077;63;6
1286614557;STR Carrases;Iberdrola;"66000;20000";39,6449521;-0,6258773;39.6449521;-0.6258773;subestacion;;;False;0;74.7;Valencia;3.432;117;6
1288386646;;;;39,2912407;-0,4293938;39.2912407;-0.4293938;subestacion;;;False;0;371.5;Valencia;4.068;177;6
1289735751;;;;39,2998537;-0,4781595;39.2998537;-0.4781595;subestacion;;;False;0;1878.0;Valencia;3.866;174;6
1290450028;;;;39,2992445;-0,4830444;39.2992445;-0.4830444;subestacion;;;False;0;2212.2;Valencia;4.106;141;6
1293833564;;;;38,9913566;-0,164568;38.9913566;-0.164568;subestacion;;;False;0;13.1;Valencia;4.16;73;7
1294999637;Subestación de Elche;;66000;38,2762355;-0,6679065;38.2762355;-0.6679065;subestacion;;;False;0;44.8;Alicante;4.616;92;8
1294999644;Subestación de Monforte del Cid;Adif;;38,4066457;-0,6955813;38.4066457;-0.6955813;subestacion;;;False;0;1480.5;Alicante;5.257;23;8
1296737218;;;;37,8790398;-0,7556327;37.8790398;-0.7556327;subestacion;;1.0;True;6;0.0;Alicante;5.248;229;8
1300932848;;;;39,2960853;-0,4827925;39.2960853;-0.4827925;subestacion;;;False;0;1933.4;Valencia;4.049;140;6
1304507657;;;;40,2134608;0,0624473;40.2134608;0.0624473;subestacion;;;False;0;1545.2;Castellón;4.888;296;2
1312793256;;;;39,1008487;-0,2242432;39.1008487;-0.2242432;subestacion;;6.0;True;1;0.0;Valencia;4.919;6;7
1312859565;;;;39,2865477;-0,4314783;39.2865477;-0.4314783;subestacion;;;False;0;916.2;Valencia;4.075;174;6
1316207279;;;;40,1292897;0,0000124;40.1292897;1.24e-05;subestacion;;;False;0;1704.5;Castellón;3.825;274;2
1316265107;;;;38,8487687;0,0497884;38.8487687;0.0497884;subestacion;;;False;0;487.3;Alicante;4.887;246;7
1320121926;;;;39,2845147;-0,4330574;39.2845147;-0.4330574;subestacion;;;False;0;1179.0;Valencia;4.136;172;6
1320121927;;;;39,2845024;-0,4331576;39.2845024;-0.4331576;subestacion;;;False;0;1184.2;Valencia;4.136;172;6
1321837256;;;;39,2819195;-0,4311913;39.2819195;-0.4311913;subestacion;;;False;0;1269.8;Valencia;4.071;171;6
1323470079;;;;39,4247867;-0,3955882;39.4247867;-0.3955882;subestacion;;;False;0;1264.2;Valencia;4.178;669;4
1330187678;;;;39,4284253;-0,4121595;39.4284253;-0.4121595;subestacion;;;False;0;148.1;Valencia;4.163;732;4
1330187680;;;;39,4297003;-0,4109074;39.4297003;-0.4109074;subestacion;;;False;0;325.5;Valencia;4.044;737;4
1330187681;;;;39,4298292;-0,4097785;39.4298292;-0.4097785;subestacion;;;False;0;397.5;Valencia;4.044;730;4
1330187682;;;;39,4298524;-0,4095143;39.4298524;-0.4095143;subestacion;;;False;0;415.4;Valencia;4.044;728;4
1330187683;;;;39,4298527;-0,4092652;39.4298527;-0.4092652;subestacion;;;False;0;431.1;Valencia;4.044;728;4
1330856738;;;;39,4240986;-0,4157855;39.4240986;-0.4157855;subestacion;;;False;0;211.3;Valencia;4.131;745;4
1330886511;;;;39,3672445;-0,4596282;39.3672445;-0.4596282;subestacion;;;False;0;559.9;Valencia;4.172;143;6
1331321467;;;;39,4098055;-0,3888793;39.4098055;-0.3888793;subestacion;;6.0;True;1;0.0;Valencia;4.053;679;4
1332148162;;;;39,4245122;-0,4054629;39.4245122;-0.4054629;subestacion;;;False;0;578.7;Valencia;4.01;745;4
1332148171;;;;39,4239446;-0,407016;39.4239446;-0.407016;subestacion;;;False;0;445.4;Valencia;4.056;753;4
1332158318;;;;39,4281035;-0,4171756;39.4281035;-0.4171756;subestacion;;1.0;True;6;0.0;Valencia;4.156;724;4
1332676763;;;;39,4212862;-0,4150671;39.4212862;-0.4150671;subestacion;;;False;0;194.1;Valencia;4.1;762;4
1333184934;;;;39,4014924;-0,410939;39.4014924;-0.410939;subestacion;;;False;0;212.8;Valencia;4.151;761;4
1333184936;;;;39,4018969;-0,4106055;39.4018969;-0.4106055;subestacion;;;False;0;196.6;Valencia;4.151;767;4
1333184945;;;;39,4010436;-0,4096097;39.4010436;-0.4096097;subestacion;;;False;0;88.5;Valencia;4.209;762;4
1333184946;;;;39,4012047;-0,4095554;39.4012047;-0.4095554;subestacion;;;False;0;89.5;Valencia;4.209;765;4
1333190647;;;;39,3902667;-0,4098436;39.3902667;-0.4098436;subestacion;;6.0;True;1;0.0;Valencia;4.219;607;4
1333190648;;;;39,3901964;-0,4103645;39.3901964;-0.4103645;subestacion;;6.0;True;1;0.0;Valencia;4.219;606;4
1333190649;;;;39,3899934;-0,413646;39.3899934;-0.413646;subestacion;;;False;0;143.0;Valencia;4.23;618;4
1333190650;;;;39,3894854;-0,4100687;39.3894854;-0.4100687;subestacion;;6.0;True;1;0.0;Valencia;4.219;599;4
1335594277;;;;39,4046484;-0,3904817;39.4046484;-0.3904817;subestacion;;6.0;True;1;0.0;Valencia;4.08;717;4
1336244429;;;;39,4108947;-0,4022328;39.4108947;-0.4022328;subestacion;;6.0;True;1;0.0;Valencia;4.127;755;4
1336411372;;;;39,4159209;-0,3859508;39.4159209;-0.3859508;subestacion;;;False;0;592.4;Valencia;4.023;653;4
1336411373;;;;39,4159368;-0,3860459;39.4159368;-0.3860459;subestacion;;;False;0;594.2;Valencia;4.023;655;4
1336418881;;;;39,4135491;-0,3946262;39.4135491;-0.3946262;subestacion;;;False;0;239.6;Valencia;4.126;656;4
1336930820;;;;39,4104376;-0,394063;39.4104376;-0.394063;subestacion;;6.0;True;1;0.0;Valencia;4.125;658;4
1337938074;;;;39,4142355;-0,4002767;39.4142355;-0.4002767;subestacion;;;False;0;144.0;Valencia;4.158;740;4
1338088764;;;;39,4091002;-0,3914297;39.4091002;-0.3914297;subestacion;;6.0;True;1;0.0;Valencia;4.115;675;4
1338092540;;;;39,4110575;-0,3987486;39.4110575;-0.3987486;subestacion;;6.0;True;1;0.0;Valencia;4.226;701;4
1340146210;;;;39,981565;-0,0180997;39.981565;-0.0180997;subestacion;;6.0;True;1;0.0;Castellón;3.819;1197;3
1340574113;;;;39,4255249;-0,4016917;39.4255249;-0.4016917;subestacion;;;False;0;896.9;Valencia;4.058;751;4
1341054270;;;;38,9627202;-0,1717274;38.9627202;-0.1717274;subestacion;;;False;0;501.8;Valencia;3.822;79;7
1341366310;;;;38,5340553;-0,17531;38.5340553;-0.17531;subestacion;;;False;0;336.5;Alicante;4.14;98;7
1341366325;;;;38,5351773;-0,1738706;38.5351773;-0.1738706;subestacion;;;False;0;347.0;Alicante;4.14;109;7
1341926238;;;;37,9286359;-0,7370895;37.9286359;-0.7370895;subestacion;;;False;0;2351.6;Alicante;5.013;146;8
1341926239;;;;37,9286108;-0,7370433;37.9286108;-0.7370433;subestacion;;;False;0;2350.9;Alicante;5.013;146;8
1341926240;;;;37,9285745;-0,7371074;37.9285745;-0.7371074;subestacion;;;False;0;2344.8;Alicante;5.013;145;8
1343396086;;;;39,9853252;-0,0254373;39.9853252;-0.0254373;subestacion;;6.0;True;1;0.0;Castellón;3.763;1322;3
1343396090;;;;39,9856674;-0,0270522;39.9856674;-0.0270522;subestacion;;6.0;True;1;0.0;Castellón;3.737;1342;3
1343396094;;;;39,9861155;-0,0251539;39.9861155;-0.0251539;subestacion;;6.0;True;1;0.0;Castellón;3.763;1328;3
1343396101;;;;39,9864501;-0,0267227;39.9864501;-0.0267227;subestacion;;6.0;True;1;0.0;Castellón;3.731;1351;3
1346421058;;;;40,5002249;-0,1875169;40.5002249;-0.1875169;subestacion;;;False;0;2994.3;Castellón;7.581;107;1
1346447664;;;;39,9823239;-0,0315713;39.9823239;-0.0315713;subestacion;;;False;0;76.3;Castellón;3.758;1380;3
1349828901;;;;39,9893213;-0,0242381;39.9893213;-0.0242381;subestacion;;6.0;True;1;0.0;Castellón;3.824;1340;3
1349828902;;;;39,9901487;-0,0239896;39.9901487;-0.0239896;subestacion;;6.0;True;1;0.0;Castellón;3.824;1342;3
1349828903;;;;39,9903919;-0,0255919;39.9903919;-0.0255919;subestacion;;6.0;True;1;0.0;Castellón;3.824;1353;3
1349828904;;;;39,9895732;-0,0258816;39.9895732;-0.0258816;subestacion;;6.0;True;1;0.0;Castellón;3.824;1361;3
1349987314;;;;39,4080081;-0,3979679;39.4080081;-0.3979679;subestacion;;6.0;True;1;0.0;Valencia;4.177;670;4
1350172838;;;;39,98385;-0,0260143;39.98385;-0.0260143;subestacion;;6.0;True;1;0.0;Castellón;3.763;1318;3
1351220015;;;;39,0258375;-0,2381863;39.0258375;-0.2381863;subestacion;;;False;0;2306.6;Valencia;2.674;58;7
1352371093;;;66000;38,2543438;-0,7925492;38.2543438;-0.7925492;subestacion;;;False;0;1997.4;Alicante;4.86;81;8
1353714809;Subestación Cocentaina;Iberdrola;"132000;20000";38,7514671;-0,4457109;38.7514671;-0.4457109;subestacion;;;False;0;1271.1;Alicante;3.137;144;6
1353714810;STR Xàtiva;Iberdrola;"66000;20000";38,9922086;-0,5325547;38.9922086;-0.5325547;subestacion;;;False;0;837.0;Valencia;2.865;116;6
1353921891;Subestación Pinoso;Iberdrola;"66000;20000";38,4067078;-1,0241555;38.4067078;-1.0241555;subestacion;;;False;0;1177.6;Alicante;5.218;6;8
1362894371;;;;38,7453376;-0,0679409;38.7453376;-0.0679409;subestacion;;;False;0;925.1;Alicante;4.273;0;7
1362896703;;;;38,8366771;0,1101853;38.8366771;0.1101853;subestacion;;3.0;True;4;0.0;Alicante;4.791;98;7
1370715992;;;;39,4213365;-0,3967632;39.4213365;-0.3967632;subestacion;;;False;0;953.1;Valencia;4.075;691;4
1377041790;;;;40,2026997;-0,4189959;40.2026997;-0.4189959;subestacion;;;False;0;139.1;Castellón;2.321;115;1
1383031763;Caseta de la Llum;;;40,645341;-0,2464986;40.645341;-0.2464986;subestacion;;;False;0;515.1;Castellón;3.723;174;1
1386670105;;;;39,4205351;-0,4017384;39.4205351;-0.4017384;subestacion;;;False;0;566.7;Valencia;4.111;759;4
1386670106;;;;39,4205242;-0,401618;39.4205242;-0.401618;subestacion;;;False;0;575.1;Valencia;4.111;759;4
1386951515;;;;38,7235678;-0,4477521;38.7235678;-0.4477521;subestacion;;;False;0;692.6;Alicante;3.588;180;6
1389227983;Subestación La Lloma;Iberdrola;132000;38,568352;-0,1099428;38.568352;-0.1099428;subestacion;;;False;0;999.8;Alicante;4.742;178;7
1391155393;;;;39,4495686;-0,4633679;39.4495686;-0.4633679;subestacion;;;False;0;617.0;Valencia;4.002;599;4
1393890916;;;;39,4313245;-0,4112558;39.4313245;-0.4112558;subestacion;;;False;0;463.1;Valencia;4.107;740;4
1394842987;;;;39,4316215;-0,409371;39.4316215;-0.409371;subestacion;;;False;0;576.5;Valencia;4.165;739;4
1395256450;;;;39,4333379;-0,4085743;39.4333379;-0.4085743;subestacion;;;False;0;579.9;Valencia;4.091;726;4
1411171126;;;;39,4321512;-0,4076869;39.4321512;-0.4076869;subestacion;;;False;0;708.6;Valencia;4.091;735;4
1416502187;;;;39,5395804;-0,4558882;39.5395804;-0.4558882;subestacion;;;False;0;902.4;Valencia;3.928;797;4
1419390405;Coll de Rualda;;;40,3635448;-0,1298261;40.3635448;-0.1298261;subestacion;;;False;0;3187.9;Castellón;6.756;429;2
1423357042;;;;39,4236774;-0,3828214;39.4236774;-0.3828214;subestacion;;;False;0;1353.1;Valencia;4.129;626;4
1425373212;;;;39,4239972;-0,3868039;39.4239972;-0.3868039;subestacion;;;False;0;1361.0;Valencia;4.138;636;4
1427568394;;;;39,4270446;-0,3870554;39.4270446;-0.3870554;subestacion;;;False;0;1028.4;Valencia;4.206;611;4
1432384762;;;;39,4101896;-0,4069622;39.4101896;-0.4069622;subestacion;;6.0;True;1;0.0;Valencia;4.131;759;4
1432384764;;;;39,4099285;-0,4053777;39.4099285;-0.4053777;subestacion;;6.0;True;1;0.0;Valencia;4.215;762;4
1432598117;;;;39,4271327;-0,3893745;39.4271327;-0.3893745;subestacion;;;False;0;1045.1;Valencia;4.115;616;4
1432734502;;;;39,4102443;-0,4040924;39.4102443;-0.4040924;subestacion;;6.0;True;1;0.0;Valencia;4.215;762;4
1433299782;;;;39,409948;-0,4032244;39.409948;-0.4032244;subestacion;;1.0;True;6;0.0;Valencia;4.127;754;4
1435114430;;;;39,40875;-0,406651;39.40875;-0.406651;subestacion;;6.0;True;1;0.0;Valencia;4.131;766;4
1442546500;;;;39,4047284;-0,409448;39.4047284;-0.409448;subestacion;;;False;0;203.0;Valencia;4.383;758;4
1442546502;;;;39,405118;-0,409339;39.405118;-0.409339;subestacion;;;False;0;208.4;Valencia;4.383;756;4
1443947620;;;;39,4236506;-0,3787774;39.4236506;-0.3787774;subestacion;;;False;0;1312.5;Valencia;4.099;614;4
1445644603;;;;39,4058541;-0,4107532;39.4058541;-0.4107532;subestacion;;;False;0;351.6;Valencia;4.383;750;4
1445644613;;;;39,4067901;-0,410155;39.4067901;-0.410155;subestacion;;;False;0;314.9;Valencia;4.166;757;4
1445644618;;;;39,4077094;-0,409594;39.4077094;-0.409594;subestacion;;;False;0;227.1;Valencia;4.166;757;4
1445973135;;;;39,4055924;-0,4109159;39.4055924;-0.4109159;subestacion;;;False;0;354.0;Valencia;4.383;750;4
1449988362;;;;39,4164264;-0,3964758;39.4164264;-0.3964758;subestacion;;;False;0;478.6;Valencia;4.125;685;4
1449988407;;;;39,4162484;-0,3954283;39.4162484;-0.3954283;subestacion;;;False;0;492.8;Valencia;4.094;675;4
1450835671;;;;39,4166673;-0,3975825;39.4166673;-0.3975825;subestacion;;;False;0;473.7;Valencia;4.125;703;4
1452658413;;;;39,4027588;-0,4072426;39.4027588;-0.4072426;subestacion;;6.0;True;1;0.0;Valencia;4.151;767;4
1453553313;;;;39,3992964;-0,4051877;39.3992964;-0.4051877;subestacion;;6.0;True;1;0.0;Valencia;4.266;716;4
1454613716;;;;39,4064489;-0,3994525;39.4064489;-0.3994525;subestacion;;1.0;True;6;0.0;Valencia;4.073;692;4
1455438470;;;;39,404366;-0,3977696;39.404366;-0.3977696;subestacion;;6.0;True;1;0.0;Valencia;4.078;688;4
1455752808;;;;39,4030798;-0,3984538;39.4030798;-0.3984538;subestacion;;6.0;True;1;0.0;Valencia;4.108;697;4
1458486273;;;;39,6778652;-0,2596044;39.6778652;-0.2596044;subestacion;;;False;0;176.2;Valencia;4.32;599;4
1458486443;;;;39,6680815;-0,2381544;39.6680815;-0.2381544;subestacion;;;False;0;955.3;Valencia;4.291;469;4
1461910882;;;;38,834206;0,0311872;38.834206;0.0311872;subestacion;;;False;0;172.0;Alicante;4.574;238;7
1472460431;;;;38,5361743;-0,17666;38.5361743;-0.17666;subestacion;;;False;0;579.7;Alicante;4.038;109;7
1473389482;;;;40,1299319;0,157154;40.1299319;0.157154;subestacion;;;False;0;945.6;Castellón;4.211;399;2
1473389492;;;;40,1297165;0,1555646;40.1297165;0.1555646;subestacion;;;False;0;1053.2;Castellón;4.208;399;2
1473389510;;;;40,1296631;0,1591628;40.1296631;0.1591628;subestacion;;;False;0;874.6;Castellón;4.347;391;2
1474379255;;;;39,4104313;-0,3981682;39.4104313;-0.3981682;subestacion;;6.0;True;1;0.0;Valencia;4.226;683;4
1474379256;;;;39,4104794;-0,3980573;39.4104794;-0.3980573;subestacion;;6.0;True;1;0.0;Valencia;4.226;683;4
1488907780;SET Villanueva (Vilanova);;132000;39,1520108;-1,1377552;39.1520108;-1.1377552;subestacion;;;False;0;3155.3;Valencia;6.428;20;5
1488919369;SET AYORA;Acciona Energia;132000;39,1292646;-1,2215467;39.1292646;-1.2215467;subestacion;;;False;0;265.9;Valencia;5.595;0;5
1489081301;SE7 Preconcentradora 400/132 kV;;"400000;132000";39,0419142;-1,008843;39.0419142;-1.008843;subestacion;;;False;0;3167.9;Valencia;4.246;108;5
1489304967;;;"20000;240";39,0267357;-0,4876941;39.0267357;-0.4876941;subestacion;;;False;0;406.9;Valencia;2.617;261;6
1508244199;;;;38,8158712;0,0233804;38.8158712;0.0233804;subestacion;;;False;0;414.7;Alicante;4.377;212;7
1508244200;;;;38,8178341;0,0173065;38.8178341;0.0173065;subestacion;;6.0;True;1;0.0;Alicante;4.294;221;7
1508244211;;;;38,8165297;0,0192649;38.8165297;0.0192649;subestacion;;;False;0;49.8;Alicante;4.37;218;7
1508433783;;;;39,4141885;-0,3963611;39.4141885;-0.3963611;subestacion;;;False;0;250.6;Valencia;4.148;674;4
1516601284;;;;39,4007974;-0,4075911;39.4007974;-0.4075911;subestacion;;6.0;True;1;0.0;Valencia;4.135;754;4
1516601286;;;;39,4007427;-0,4073288;39.4007427;-0.4073288;subestacion;;6.0;True;1;0.0;Valencia;4.135;756;4
1516649083;;;;39,6855844;-0,4263786;39.6855844;-0.4263786;subestacion;;;False;0;5626.1;Valencia;2.891;8;6
1517002160;;;;39,3997778;-0,4061648;39.3997778;-0.4061648;subestacion;;6.0;True;1;0.0;Valencia;4.266;733;4
1517002161;;;;39,3998888;-0,4061256;39.3998888;-0.4061256;subestacion;;6.0;True;1;0.0;Valencia;4.266;734;4
1517106006;;;;39,4012357;-0,4141862;39.4012357;-0.4141862;subestacion;;;False;0;470.6;Valencia;4.184;742;4
1518356339;;;;39,4011421;-0,4175618;39.4011421;-0.4175618;subestacion;;;False;0;752.1;Valencia;4.212;715;4
1518747339;;;;39,3994162;-0,417666;39.3994162;-0.417666;subestacion;;;False;0;753.9;Valencia;4.212;698;4
1521681830;;;;39,3979221;-0,4127402;39.3979221;-0.4127402;subestacion;;;False;0;401.6;Valencia;4.294;732;4
1523779519;;;;40,022992;-0,2786274;40.022992;-0.2786274;subestacion;;;False;0;1079.6;Castellón;3.001;266;1
1526826409;;;;39,68099;-0,432193;39.68099;-0.432193;subestacion;;;False;0;4914.1;Valencia;3.705;1;6
1527969630;;;;39,6886257;-0,4287873;39.6886257;-0.4287873;subestacion;;;False;0;5712.2;Valencia;3.254;1;6
1529912318;;;;39,6888265;-0,4255522;39.6888265;-0.4255522;subestacion;;;False;0;5924.0;Valencia;3.508;6;6
1531247135;;;;39,3937785;-0,407155;39.3937785;-0.407155;subestacion;;;False;0;365.8;Valencia;4.212;663;4
1531247140;;;;39,393528;-0,4061512;39.393528;-0.4061512;subestacion;;;False;0;331.5;Valencia;4.133;659;4
1537129551;;;;40,0491066;0,0158087;40.0491066;0.0158087;subestacion;;;False;0;1462.0;Castellón;2.533;781;2
1537728003;;;;39,9927941;-0,029386;39.9927941;-0.029386;subestacion;;6.0;True;1;0.0;Castellón;3.753;1386;3
1537796524;;;;39,9931997;-0,0273588;39.9931997;-0.0273588;subestacion;;6.0;True;1;0.0;Castellón;3.829;1366;3
1537938680;;;;39,3953169;-0,4079537;39.3953169;-0.4079537;subestacion;;;False;0;344.7;Valencia;4.212;684;4
1538405307;;;;39,9937763;-0,0268834;39.9937763;-0.0268834;subestacion;;6.0;True;1;0.0;Castellón;3.827;1345;3
1539190705;;;;39,9951188;-0,025486;39.9951188;-0.025486;subestacion;;;False;0;17.3;Castellón;3.846;1348;3
1540200159;;;;39,9928646;-0,0307359;39.9928646;-0.0307359;subestacion;;6.0;True;1;0.0;Castellón;3.753;1397;3
1544023275;;;;40,047353;0,0216746;40.047353;0.0216746;subestacion;;;False;0;1360.8;Castellón;2.959;767;2
1544624240;;;;39,996503;-0,0284635;39.996503;-0.0284635;subestacion;;;False;0;198.2;Castellón;3.808;1346;3
1545017549;;;;40,0523316;0,0169432;40.0523316;0.0169432;subestacion;;;False;0;1831.1;Castellón;2.571;751;2
1545105613;;;;39,9992539;-0,0335939;39.9992539;-0.0335939;subestacion;;;False;0;32.3;Castellón;3.789;1344;3
1545619541;;;;39,9975845;-0,0312021;39.9975845;-0.0312021;subestacion;;;False;0;301.3;Castellón;3.798;1346;3
1545959825;;;;39,3939015;-0,4101517;39.3939015;-0.4101517;subestacion;;;False;0;349.9;Valencia;4.277;672;4
1546278728;;;;40,0453497;0,0229651;40.0453497;0.0229651;subestacion;;;False;0;1209.9;Castellón;3.153;775;2
1546689079;;;;39,3952529;-0,4110648;39.3952529;-0.4110648;subestacion;;;False;0;481.1;Valencia;4.277;705;4
1546954189;;;;39,3951644;-0,4118649;39.3951644;-0.4118649;subestacion;;;False;0;470.5;Valencia;4.218;702;4
1547416414;;;;39,4447373;-0,366001;39.4447373;-0.366001;subestacion;;;False;0;960.5;Valencia;4.011;368;6
1547746541;;;;39,9743045;-0,0355465;39.9743045;-0.0355465;subestacion;;;False;0;477.9;Castellón;3.617;1407;3
1547746547;;;;39,974428;-0,0358895;39.974428;-0.0358895;subestacion;;;False;0;495.5;Castellón;3.617;1411;3
1547748345;;;;39,9752385;-0,035;39.9752385;-0.035;subestacion;;;False;0;575.3;Castellón;3.617;1403;3
1547749066;;;;39,9758675;-0,0355412;39.9758675;-0.0355412;subestacion;;;False;0;649.7;Castellón;3.617;1420;3
1547810413;;;;39,975927;-0,066827;39.975927;-0.066827;subestacion;;;False;0;318.9;Castellón;3.525;1470;3
14933133;Subestación Desaladora de Torrevieja;Iberdrola Distribución Eléctrica;"220000;20000";37,9675283;-0,7053274;37.9675283;-0.7053274;subestacion;;;False;0;237.9;Alicante;5.493;209;8
15553111;;;;38,1085734;-0,6644616;38.1085734;-0.6644616;subestacion;;2.0;True;5;0.0;Alicante;4.629;235;8
15788486;Subestación de Los Montesinos;;66000;38,0309138;-0,7444962;38.0309138;-0.7444962;subestacion;;;False;0;1333.8;Alicante;4.854;496;8
17319555;SET Bernat;Red Eléctrica de España;220000;39,1491369;-0,4592636;39.1491369;-0.4592636;subestacion;;4.0;True;3;0.0;Valencia;3.23;272;6
20710046;CT1;;;38,7462022;-0,5532636;38.7462022;-0.5532636;subestacion;;;False;0;2424.7;Valencia;3.803;29;8
